#,Company,Location_HQ,Country,Continent,Laid_Off,Date_layoffs,Percentage,Company_Size_before_Layoffs,Company_Size_after_layoffs,Industry,Stage,Money_Raised_in_$_mil,Year,lat,lng
6,Enphase Energy,San Francisco Bay Area,USA,North America,350,2023-12-18,10.0,3500,3150,Energy,Post-IPO,$116,2023,37.54827,-121.98857
14,Cruise,San Francisco Bay Area,USA,North America,900,2023-12-14,24.0,3750,2850,Transportation,Acquired,$15000,2023,37.77493,-122.41942
16,Bolt,San Francisco Bay Area,USA,North America,130,2023-12-14,29.0,450,320,Finance,Series E,$1300,2023,37.77493,-122.41942
20,Invitae,San Francisco Bay Area,USA,North America,235,2023-12-13,15.0,1567,1332,Healthcare,Post-IPO,2500,2023,37.77493,-122.41942
21,Etsy,New York City,USA,North America,225,2023-12-13,11.0,2045,1820,Retail,Post-IPO,$97,2023,40.71427,-74.00597
27,Chipper Cash,San Francisco Bay Area,USA,North America,15,2023-12-11,33.0,45,30,Finance,Series C,$302,2023,37.77493,-122.41942
31,Zulily,Seattle,USA,North America,839,2023-12-08,100.0,839,0,Retail,Acquired,$194,2023,47.60621,-122.33207
38,Navan,San Francisco Bay Area,USA,North America,145,2023-12-05,5.0,2900,2755,Finance,Unknown,2200,2023,37.44188,-122.14302
56,Unity,San Francisco Bay Area,USA,North America,265,2023-11-28,4.0,6625,6360,Other,Post-IPO,$1300,2023,37.77493,-122.41942
57,Dataminr,New York City,USA,North America,150,2023-11-28,20.0,750,600,AI,Series F,$1100,2023,40.71427,-74.00597
62,Our Next Energy,Detroit,USA,North America,128,2023-11-27,25.0,512,384,Transportation,Series B,$390,2023,42.33143,-83.04575
91,TripAdvisor,Boston,USA,North America,125,2023-11-12,4.0,3125,3000,Travel,Post-IPO,$3,2023,42.35843,-71.05977
110,Viasat,San Diego,USA,North America,800,2023-11-02,10.0,8000,7200,Other,Post-IPO,$366,2023,32.71571,-117.16472
111,Beyond Meat,Los Angeles,USA,North America,65,2023-11-02,8.0,813,748,Food,Post-IPO,$122,2023,34.05223,-118.24368
115,Splunk,San Francisco Bay Area,USA,North America,500,2023-11-01,7.0,7143,6643,Data,Post-IPO,$2400,2023,37.77493,-122.41942
116,Faire,San Francisco Bay Area,USA,North America,250,2023-11-01,20.0,1250,1000,Retail,Series G,$1700,2023,37.77493,-122.41942
117,Sana Benefits,Austin,USA,North America,73,2023-11-01,50.0,146,73,HR,Series B,$106,2023,30.26715,-97.74306
122,Hippo Insurance,San Francisco Bay Area,USA,North America,120,2023-10-26,20.0,600,480,Finance,Post-IPO,$1300,2023,37.44188,-122.14302
130,SiFive,San Francisco Bay Area,USA,North America,130,2023-10-24,20.0,650,520,Hardware,Series F,$365,2023,37.35411,-121.95524
135,Nomad Health,New York City,USA,North America,119,2023-10-20,17.0,700,581,Healthcare,Unknown,$218,2023,40.71427,-74.00597
138,Convoy,Seattle,USA,North America,500,2023-10-19,100.0,500,0,Logistics,Series E,$1100,2023,47.60621,-122.33207
139,Bullhorn,Boston,USA,North America,140,2023-10-19,9.0,1556,1416,Sales,Acquired,$32,2023,42.35843,-71.05977
151,LinkedIn,San Francisco Bay Area,USA,North America,660,2023-10-16,3.0,22000,21340,Recruiting,Acquired,$154,2023,37.36883,-122.03635
153,C2FO,Kansas City,USA,North America,80,2023-10-16,3.0,2667,2587,Finance,Series H,$537,2023,39.09973,-94.57857
162,Lending Club,San Francisco Bay Area,USA,North America,172,2023-10-12,14.0,1229,1057,Finance,Post-IPO,$392,2023,37.77493,-122.41942
163,MariaDB,San Francisco Bay Area,USA,North America,84,2023-10-12,28.0,300,216,Data,Post-IPO,$272,2023,37.48522,-122.23635
164,Deepgram,San Francisco Bay Area,USA,North America,20,2023-10-11,20.0,100,80,AI,Series B,$86,2023,37.77493,-122.41942
167,Carbon Health,San Francisco Bay Area,USA,North America,114,2023-10-09,5.0,2280,2166,Healthcare,Series D,$522,2023,37.77493,-122.41942
172,InvestCloud,Los Angeles,USA,North America,80,2023-10-06,5.0,1600,1520,Finance,Private Equity …,$54,2023,34.05223,-118.24368
179,SchoolMint,San Francisco Bay Area,USA,North America,29,2023-10-05,14.0,207,178,Education,Acquired,$8,2023,37.77493,-122.41942
183,Qualtrics,Salt Lake City,USA,North America,780,2023-10-04,14.0,5571,4791,Other,Post-IPO,$400,2023,40.76078,-111.89105
191,Chainalysis,New York City,USA,North America,150,2023-10-02,15.0,1000,850,Crypto,Series F,$536,2023,40.71427,-74.00597
192,Synapse,San Francisco Bay Area,USA,North America,86,2023-10-02,40.0,215,129,Finance,Series B,$50,2023,37.77493,-122.41942
193,Chia Network,San Francisco Bay Area,USA,North America,26,2023-10-02,37.0,70,44,Crypto,Series D,$70,2023,37.77493,-122.41942
196,Cowbell,San Francisco Bay Area,USA,North America,28,2023-09-29,12.0,233,205,Finance,Series B,$123,2023,37.66243,-121.87468
200,Epic Games,Raleigh,USA,North America,870,2023-09-28,16.0,5438,4568,Consumer,Unknown,6400,2023,35.7721,-78.63861
207,Flexe,Seattle,USA,North America,131,2023-09-26,33.0,397,266,Logistics,Series D,$263,2023,47.60621,-122.33207
209,Lucid Software,Salt Lake City,USA,North America,75,2023-09-25,7.0,1071,996,Other,Series E,$170,2023,40.76078,-111.89105
227,Airtable,San Francisco Bay Area,USA,North America,237,2023-09-14,27.0,878,641,Product,Series F,$1400,2023,37.77493,-122.41942
229,VideoAmp,Los Angeles,USA,North America,40,2023-09-14,10.0,400,360,Marketing,Series F,$456,2023,34.05223,-118.24368
233,Evolve,Denver,USA,North America,175,2023-09-12,20.0,875,700,Travel,Series F,$224,2023,39.73915,-104.9847
237,At-Bay,San Francisco Bay Area,USA,North America,27,2023-09-12,9.0,300,273,Security,Unknown,$296,2023,37.77493,-122.41942
239,Chargebee,San Francisco Bay Area,USA,North America,100,2023-09-11,10.0,1000,900,Finance,Series H,$468,2023,37.77493,-122.41942
241,Grabango,San Francisco Bay Area,USA,North America,34,2023-09-11,40.0,85,51,Food,Unknown,$94,2023,37.87159,-122.27275
247,Drift,Boston,USA,North America,100,2023-09-07,25.0,400,300,Marketing,Acquired,$107,2023,42.35843,-71.05977
249,Roku,San Francisco Bay Area,USA,North America,360,2023-09-06,10.0,3600,3240,Media,Post-IPO,$208,2023,37.33939,-121.89496
255,Absci,Portland,USA,North America,30,2023-09-05,15.0,200,170,Healthcare,Post-IPO,$238,2023,45.52345,-122.67621
256,Hodinkee,New York City,USA,North America,24,2023-09-05,20.0,120,96,Retail,Seed,$40,2023,40.71427,-74.00597
260,Nexar,New York City,USA,North America,17,2023-09-04,14.0,121,104,Transportation,Series D,$149,2023,40.71427,-74.00597
273,Zeplin,San Francisco Bay Area,USA,North America,37,2023-08-30,35.0,106,69,Product,Seed,$1,2023,37.77493,-122.41942
276,Zebra Technologies,Chicago,USA,North America,700,2023-08-28,7.0,10000,9300,Manufacturing,Post-IPO,2000,2023,41.85003,-87.65005
283,Captiv8,San Francisco Bay Area,USA,North America,8,2023-08-24,3.0,267,259,Marketing,Unknown,$4,2023,37.56299,-122.32553
285,Atlas,Chicago,USA,North America,150,2023-08-23,30.0,500,350,HR,Series B,$220,2023,41.85003,-87.65005
287,BlackLine,Los Angeles,USA,North America,95,2023-08-23,5.0,1900,1805,Finance,Post-IPO,$220,2023,34.05223,-118.24368
305,AppFolio,Santa Barbara,USA,North America,149,2023-08-17,9.0,1656,1507,Real Estate,Post-IPO,$30,2023,34.42083,-119.69819
311,SecureWorks,Atlanta,USA,North America,300,2023-08-14,15.0,2000,1700,Security,Post-IPO,$83,2023,33.749,-84.38798
320,Blend,San Francisco Bay Area,USA,North America,150,2023-08-09,19.0,789,639,Finance,Post-IPO,$665,2023,37.77493,-122.41942
328,Thoughtworks,Chicago,USA,North America,579,2023-08-08,5.0,11580,11001,Other,Post-IPO,$748,2023,41.85003,-87.65005
329,Rapid7,Boston,USA,North America,470,2023-08-08,18.0,2611,2141,Security,Post-IPO,$89,2023,42.35843,-71.05977
331,Doximity,San Francisco Bay Area,USA,North America,100,2023-08-08,10.0,1000,900,Healthcare,Post-IPO,$82,2023,37.77493,-122.41942
332,23andMe,San Francisco Bay Area,USA,North America,71,2023-08-08,11.0,645,574,Healthcare,Post-IPO,$1100,2023,37.77493,-122.41942
342,Discord,San Francisco Bay Area,USA,North America,37,2023-08-03,4.0,925,888,Consumer,Series H,$995,2023,37.77493,-122.41942
349,BetterUp,San Francisco Bay Area,USA,North America,100,2023-08-02,16.0,625,525,HR,Series E,$567,2023,37.77493,-122.41942
350,Augury,New York City,USA,North America,70,2023-08-02,18.0,389,319,Manufacturing,Series E,$274,2023,40.71427,-74.00597
362,Planet,San Francisco Bay Area,USA,North America,117,2023-08-01,10.0,1170,1053,Aerospace,Post-IPO,$574,2023,37.77493,-122.41942
364,Archipelago,San Francisco Bay Area,USA,North America,40,2023-08-01,30.0,133,93,Real Estate,Series B,$57,2023,37.77493,-122.41942
378,Wish,San Francisco Bay Area,USA,North America,255,2023-07-27,34.0,750,495,Retail,Post-IPO,$1600,2023,37.77493,-122.41942
379,Point,San Francisco Bay Area,USA,North America,61,2023-07-27,28.0,218,157,Real Estate,Series C,$149,2023,37.77493,-122.41942
381,Verbit,New York City,USA,North America,60,2023-07-27,6.0,1000,940,Data,Series E,$569,2023,40.71427,-74.00597
385,Figure,San Francisco Bay Area,USA,North America,90,2023-07-26,20.0,450,360,Crypto,Unknown,$1500,2023,37.77493,-122.41942
386,Calendly,Atlanta,USA,North America,60,2023-07-26,10.0,600,540,Other,Series B,$351,2023,33.749,-84.38798
389,Deep Instict,New York City,USA,North America,46,2023-07-25,15.0,307,261,Security,Unknown,$322,2023,40.71427,-74.00597
402,AgentSync,Denver,USA,North America,67,2023-07-19,24.0,279,212,Finance,Series B,$111,2023,39.73915,-104.9847
403,Inspirato,Denver,USA,North America,50,2023-07-19,6.0,833,783,Travel,Post-IPO,$179,2023,39.73915,-104.9847
404,Tilia,San Francisco Bay Area,USA,North America,28,2023-07-19,32.0,88,60,Finance,Unknown,$32,2023,37.77493,-122.41942
409,Sarcos,Salt Lake City,USA,North America,75,2023-07-17,25.0,300,225,Aerospace,Post-IPO,$316,2023,40.76078,-111.89105
415,PayScale,Seattle,USA,North America,14,2023-07-14,2.0,700,686,HR,Acquired,$33,2023,47.60621,-122.33207
422,Deepwatch,Tampa Bay,USA,North America,30,2023-07-13,7.0,429,399,Security,Series C,$256,2023,27.94752,-82.45843
433,Freightos,Miami,USA,North America,50,2023-07-12,13.0,385,335,Logistics,Post-IPO,$118,2023,25.77427,-80.19366
439,Matterport,San Francisco Bay Area,USA,North America,170,2023-07-11,30.0,567,397,Data,Post-IPO,$409,2023,37.36883,-122.03635
441,Sisense,New York City,USA,North America,100,2023-07-11,15.0,667,567,Data,Series F,$274,2023,40.71427,-74.00597
457,Perfect Day,San Francisco Bay Area,USA,North America,134,2023-07-06,15.0,893,759,Food,Series D,$711,2023,37.87159,-122.27275
459,TytoCare,New York City,USA,North America,20,2023-07-06,10.0,200,180,Healthcare,Series D,$156,2023,40.71427,-74.00597
473,Headspace,Los Angeles,USA,North America,181,2023-06-29,15.0,1207,1026,Healthcare,Unknown,$216,2023,34.05223,-118.24368
474,Artsy,New York City,USA,North America,35,2023-06-29,15.0,233,198,Retail,Series D,$100,2023,40.71427,-74.00597
483,ClickUp,San Diego,USA,North America,90,2023-06-28,10.0,900,810,Other,Series C,$537,2023,32.71571,-117.16472
486,Plex,San Francisco Bay Area,USA,North America,37,2023-06-28,20.0,185,148,Media,Unknown,$81,2023,37.38605,-122.08385
490,New Relic,San Francisco Bay Area,USA,North America,255,2023-06-27,10.0,2550,2295,Infrastructure,Post-IPO,$214,2023,37.77493,-122.41942
498,Robinhood,San Francisco Bay Area,USA,North America,150,2023-06-26,7.0,2143,1993,Finance,Post-IPO,$5600,2023,37.45383,-122.18219
499,Convoy,Seattle,USA,North America,30,2023-06-26,5.0,600,570,Logistics,Series E,$1100,2023,47.60621,-122.33207
504,Uber,San Francisco Bay Area,USA,North America,200,2023-06-21,0.9961647656522389,20077,19877,Transportation,Post-IPO,$25200,2023,37.77493,-122.41942
520,Pilot,San Francisco Bay Area,USA,North America,45,2023-06-16,13.0,346,301,Finance,Unknown,$116,2023,37.77493,-122.41942
523,CareRev,Los Angeles,USA,North America,100,2023-06-15,33.0,303,203,Healthcare,Series A,$51,2023,34.05223,-118.24368
528,Bitwise,Fresno,USA,North America,900,2023-06-14,100.0,900,0,Crypto,Series B,$84,2023,36.74773,-119.77237
529,Sonos,New York City,USA,North America,130,2023-06-14,7.0,1857,1727,Consumer,Post-IPO,$455,2023,40.71427,-74.00597
530,TrueCar,Los Angeles,USA,North America,102,2023-06-14,24.0,425,323,Transportation,Post-IPO,$340,2023,34.05223,-118.24368
531,Olo,New York City,USA,North America,81,2023-06-14,11.0,736,655,Food,Post-IPO,$184,2023,40.71427,-74.00597
537,Grubhub,San Francisco Bay Area,USA,North America,400,2023-06-12,15.0,2667,2267,Food,Acquired,$284,2023,37.77493,-122.41942
539,Pendo,Raleigh,USA,North America,100,2023-06-12,12.0,833,733,Product,Series F,$469,2023,35.7721,-78.63861
540,Chegg,San Francisco Bay Area,USA,North America,80,2023-06-12,4.0,2000,1920,Education,Post-IPO,$227,2023,37.35411,-121.95524
542,TaxBit,San Francisco Bay Area,USA,North America,80,2023-06-11,40.0,200,120,Crypto,Unknown,$253,2023,37.77493,-122.41942
545,23andMe,San Francisco Bay Area,USA,North America,75,2023-06-09,9.0,833,758,Healthcare,Post-IPO,$1100,2023,37.77493,-122.41942
546,Expel,Washington DC,USA,North America,60,2023-06-09,10.0,600,540,Security,Series E,$288,2023,38.89511,-77.03637
548,Cityblock Health,New York City,USA,North America,155,2023-06-08,12.0,1292,1137,Healthcare,Series D,$891,2023,40.71427,-74.00597
549,Highspot,Seattle,USA,North America,140,2023-06-08,15.0,933,793,Sales,Series F,$644,2023,47.60621,-122.33207
561,Edgio,Phoenix,USA,North America,134,2023-06-06,12.0,1117,983,Infrastructure,Post-IPO,$462,2023,33.44838,-112.07404
562,Reddit,San Francisco Bay Area,USA,North America,90,2023-06-06,5.0,1800,1710,Consumer,Series F,$1300,2023,37.77493,-122.41942
564,Dragos,Baltimore,USA,North America,50,2023-06-06,9.0,556,506,Security,Series D,$364,2023,39.29038,-76.61219
578,Outbrain,New York City,USA,North America,90,2023-06-01,10.0,900,810,Marketing,Post-IPO,$394,2023,40.71427,-74.00597
584,Zendesk,San Francisco Bay Area,USA,North America,320,2023-05-31,8.0,4000,3680,Support,Acquired,$85,2023,37.77493,-122.41942
585,ZipRecruiter,Los Angeles,USA,North America,270,2023-05-31,20.0,1350,1080,Recruiting,Post-IPO,$769,2023,34.05223,-118.24368
586,Vendr,Boston,USA,North America,100,2023-05-31,25.0,400,300,Other,Series B,$216,2023,42.35843,-71.05977
588,Mux,San Francisco Bay Area,USA,North America,40,2023-05-31,30.0,133,93,Infrastructure,Series D,$173,2023,37.77493,-122.41942
589,Away,New York City,USA,North America,22,2023-05-31,8.0,275,253,Retail,Series D,$181,2023,40.71427,-74.00597
595,Evolve,Denver,USA,North America,164,2023-05-29,14.0,1171,1007,Travel,Series F,$224,2023,39.73915,-104.9847
596,Project44,Chicago,USA,North America,130,2023-05-26,10.0,1300,1170,Logistics,Unknown,$817,2023,41.85003,-87.65005
602,Guild,Denver,USA,North America,172,2023-05-24,12.0,1433,1261,Education,Series F,$643,2023,39.73915,-104.9847
618,Pie Insurance,Washington DC,USA,North America,63,2023-05-18,14.0,450,387,Finance,Series D,$621,2023,38.89511,-77.03637
624,Stash,New York City,USA,North America,40,2023-05-17,10.0,400,360,Finance,Unknown,$480,2023,40.71427,-74.00597
628,Lemonade,New York City,USA,North America,45,2023-05-16,3.0,1500,1455,Finance,Post-IPO,$481,2023,40.71427,-74.00597
632,Nuro,San Francisco Bay Area,USA,North America,340,2023-05-12,30.0,1133,793,Transportation,Series D,$2100,2023,37.38605,-122.08385
644,Similarweb,New York City,USA,North America,60,2023-05-10,6.0,1000,940,Other,Post-IPO,$235,2023,40.71427,-74.00597
645,Stack Overflow,New York City,USA,North America,58,2023-05-10,10.0,580,522,Recruiting,Acquired,$153,2023,40.71427,-74.00597
646,Akamai,Boston,USA,North America,290,2023-05-09,3.0,9667,9377,Security,Post-IPO,$35,2023,42.35843,-71.05977
647,Sonatype,Baltimore,USA,North America,100,2023-05-09,14.0,714,614,Security,Acquired,$154,2023,39.29038,-76.61219
651,LinkedIn,San Francisco Bay Area,USA,North America,716,2023-05-08,4.0,17900,17184,Recruiting,Acquired,$154,2023,37.36883,-122.03635
656,Twist Bioscience,San Francisco Bay Area,USA,North America,270,2023-05-05,25.0,1080,810,Healthcare,Post-IPO,$503,2023,37.77493,-122.41942
661,Sabre,Dallas,USA,North America,1100,2023-05-04,15.0,7333,6233,Travel,Post-IPO,1770,2023,32.78306,-96.80667
663,Autograph,Los Angeles,USA,North America,30,2023-05-04,33.0,91,61,Crypto,Series B,$205,2023,34.05223,-118.24368
667,Unity,San Francisco Bay Area,USA,North America,600,2023-05-03,8.0,7500,6900,Other,Post-IPO,$1300,2023,37.77493,-122.41942
668,Upwork,San Francisco Bay Area,USA,North America,137,2023-05-03,15.0,913,776,Other,Post-IPO,$168,2023,37.77493,-122.41942
670,Brightcove,Boston,USA,North America,70,2023-05-03,10.0,700,630,Marketing,Post-IPO,$145,2023,42.35843,-71.05977
673,TheSkimm,New York City,USA,North America,22,2023-05-03,13.0,169,147,Media,Series C,$28,2023,40.71427,-74.00597
675,Bishop Fox,Phoenix,USA,North America,50,2023-05-02,13.0,385,335,Security,Series B,$146,2023,33.44838,-112.07404
683,Cue Health,San Diego,USA,North America,326,2023-04-28,30.0,1087,761,Healthcare,Post-IPO,$899,2023,32.71571,-117.16472
688,Dropbox,San Francisco Bay Area,USA,North America,500,2023-04-27,16.0,3125,2625,Other,Post-IPO,$1700,2023,37.77493,-122.41942
689,Alteryx,Los Angeles,USA,North America,320,2023-04-27,11.0,2909,2589,Data,Post-IPO,$613,2023,34.05223,-118.24368
690,Vroom,New York City,USA,North America,120,2023-04-27,11.0,1091,971,Transportation,Post-IPO,$1300,2023,40.71427,-74.00597
691,Greenhouse,New York City,USA,North America,100,2023-04-27,12.0,833,733,Recruiting,Private Equity …,$110,2023,40.71427,-74.00597
696,Chief,New York City,USA,North America,43,2023-04-27,14.0,307,264,Other,Series B,$140,2023,40.71427,-74.00597
701,Teampay,New York City,USA,North America,30,2023-04-26,33.0,91,61,Finance,Series B,$79,2023,40.71427,-74.00597
704,Rapid,San Francisco Bay Area,USA,North America,115,2023-04-25,50.0,230,115,Finance,Series D,$272,2023,37.77493,-122.41942
705,Rapid,San Francisco Bay Area,USA,North America,70,2023-04-25,30.0,233,163,Finance,Series D,$272,2023,37.77493,-122.41942
708,BigPanda,San Francisco Bay Area,USA,North America,40,2023-04-24,13.0,308,268,Infrastructure,Series E,$337,2023,37.48522,-122.23635
709,Lyft,San Francisco Bay Area,USA,North America,1072,2023-04-21,26.0,4123,3051,Transportation,Post-IPO,$4900,2023,37.77493,-122.41942
710,Benchling,San Francisco Bay Area,USA,North America,74,2023-04-21,9.0,822,748,Other,Series F,$411,2023,37.77493,-122.41942
712,BuzzFeed,New York City,USA,North America,180,2023-04-20,15.0,1200,1020,Media,Post-IPO,$696,2023,40.71427,-74.00597
715,Gloat,New York City,USA,North America,35,2023-04-20,12.0,292,257,HR,Series D,$192,2023,40.71427,-74.00597
720,WalkMe,San Francisco Bay Area,USA,North America,112,2023-04-19,10.0,1120,1008,Other,Post-IPO,$307,2023,37.77493,-122.41942
721,Opendoor,San Francisco Bay Area,USA,North America,560,2023-04-18,22.0,2545,1985,Real Estate,Post-IPO,$1900,2023,37.77493,-122.41942
724,TRM Labs,San Francisco Bay Area,USA,North America,16,2023-04-18,9.0,178,162,Crypto,Series B,$149,2023,37.77493,-122.41942
727,Clearcover,Chicago,USA,North America,81,2023-04-17,15.0,540,459,Finance,Series D,$304,2023,41.85003,-87.65005
734,Drip Capital,San Francisco Bay Area,USA,North America,75,2023-04-14,20.0,375,300,Finance,Series C,$85,2023,37.44188,-122.14302
735,Community Gami…,New York City,USA,North America,17,2023-04-14,17.0,100,83,Crypto,Series A,$18,2023,40.71427,-74.00597
739,Astronomer,Cincinnati,USA,North America,100,2023-04-13,40.0,250,150,Data,Series C,$282,2023,39.12711,-84.51439
744,Viasat,San Diego,USA,North America,300,2023-04-12,4.0,7500,7200,Other,Post-IPO,$366,2023,32.71571,-117.16472
748,Redfin,Seattle,USA,North America,201,2023-04-11,4.0,5025,4824,Real Estate,Post-IPO,$320,2023,47.60621,-122.33207
754,Flock Freight,San Diego,USA,North America,45,2023-04-10,8.0,563,518,Logistics,Series D,$399,2023,32.71571,-117.16472
755,Nori,Seattle,USA,North America,10,2023-04-10,37.0,27,17,Energy,Unknown,$13,2023,47.60621,-122.33207
758,Pear Therapeutics,Boston,USA,North America,170,2023-04-07,92.0,185,15,Healthcare,Post-IPO,$409,2023,42.35843,-71.05977
764,Amplitude,San Francisco Bay Area,USA,North America,99,2023-04-05,13.0,762,663,Data,Post-IPO,$311,2023,37.77493,-122.41942
769,Boost,New York City,USA,North America,15,2023-04-04,20.0,75,60,Finance,Series B,$37,2023,40.71427,-74.00597
772,View,San Francisco Bay Area,USA,North America,170,2023-04-03,23.0,739,569,Other,Post-IPO,$2300,2023,37.77493,-122.41942
773,Guideline,San Francisco Bay Area,USA,North America,48,2023-04-03,11.0,436,388,Finance,Series E,$339,2023,37.5841,-122.36608
774,Textio,Seattle,USA,North America,15,2023-04-03,12.0,125,110,Recruiting,Unknown,$42,2023,47.60621,-122.33207
780,Roku,San Francisco Bay Area,USA,North America,200,2023-03-30,6.0,3333,3133,Media,Post-IPO,$208,2023,37.33939,-121.89496
783,Loop,Austin,USA,North America,19,2023-03-30,25.0,76,57,Finance,Series A,$24,2023,30.26715,-97.74306
784,Crossbeam,Philadelphia,USA,North America,17,2023-03-30,15.0,113,96,Sales,Series C,$116,2023,39.95238,-75.16362
793,Electronic Arts,San Francisco Bay Area,USA,North America,780,2023-03-29,6.0,13000,12220,Consumer,Post-IPO,$2,2023,37.48522,-122.23635
796,iCAD,Nashua,USA,North America,23,2023-03-29,28.0,82,59,Healthcare,Post-IPO,$59,2023,42.76537,-71.46757
800,Lucid Motors,San Francisco Bay Area,USA,North America,1300,2023-03-28,18.0,7222,5922,Transportation,Post-IPO,$8300,2023,37.52966,-122.04024
802,AEye,San Francisco Bay Area,USA,North America,46,2023-03-28,33.0,139,93,Transportation,Post-IPO,$314,2023,37.77493,-122.41942
811,Indeed,Austin,USA,North America,2200,2023-03-22,15.0,14667,12467,HR,Acquired,$5,2023,30.26715,-97.74306
813,Glassdoor,San Francisco Bay Area,USA,North America,140,2023-03-22,15.0,933,793,HR,Acquired,$204,2023,37.77493,-122.41942
829,Amazon,Seattle,USA,North America,9000,2023-03-20,2.295918367346939,392000,383000,Retail,Post-IPO,$108,2023,47.60621,-122.33207
834,Freshworks,San Francisco Bay Area,USA,North America,114,2023-03-16,2.0,5700,5586,Support,Post-IPO,$484,2023,37.56299,-122.32553
837,Course Hero,San Francisco Bay Area,USA,North America,42,2023-03-16,15.0,280,238,Education,Series C,$477,2023,37.48522,-122.23635
838,Leafly,Seattle,USA,North America,40,2023-03-16,21.0,190,150,Retail,Post-IPO,$71,2023,47.60621,-122.33207
842,Boxed,New York City,USA,North America,32,2023-03-15,25.0,128,96,Retail,Post-IPO,$365,2023,40.71427,-74.00597
846,Meta,San Francisco Bay Area,USA,North America,10000,2023-03-14,13.5841170323929,73615,63615,Consumer,Post-IPO,$26000,2023,37.45383,-122.18219
847,Fetch,Madison,USA,North America,100,2023-03-14,10.0,1000,900,Retail,Series E,$581,2023,43.07305,-89.40123
848,Anchorage Digital,San Francisco Bay Area,USA,North America,75,2023-03-14,20.0,375,300,Crypto,Series D,$487,2023,37.77493,-122.41942
851,Kaleidoscope,Minneapolis,USA,North America,15,2023-03-14,30.0,50,35,Finance,Series A,$16,2023,44.97997,-93.26384
856,Gopuff,Philadelphia,USA,North America,100,2023-03-09,2.0,5000,4900,Food,Series H,$3400,2023,39.95238,-75.16362
865,Zwift,Los Angeles,USA,North America,80,2023-03-07,15.0,533,453,Fitness,Series C,$619,2023,34.05223,-118.24368
871,SiriusXM,New York City,USA,North America,475,2023-03-06,8.0,5938,5463,Media,Post-IPO,$525,2023,40.71427,-74.00597
879,Embark Trucks,San Francisco Bay Area,USA,North America,230,2023-03-03,70.0,329,99,Transportation,Post-IPO,$317,2023,37.77493,-122.41942
885,Zscaler,San Francisco Bay Area,USA,North America,177,2023-03-02,3.0,5900,5723,Security,Post-IPO,$148,2023,37.33939,-121.89496
889,CNET,San Francisco Bay Area,USA,North America,12,2023-03-02,10.0,120,108,Media,Acquired,$20,2023,37.77493,-122.41942
895,Thoughtworks,Chicago,USA,North America,500,2023-03-01,4.0,12500,12000,Other,Post-IPO,$748,2023,41.85003,-87.65005
898,Waymo,San Francisco Bay Area,USA,North America,209,2023-03-01,8.0,2613,2404,Transportation,Subsidi…,$5.500,2023,37.38605,-122.08385
901,Sonder,San Francisco Bay Area,USA,North America,100,2023-03-01,14.0,714,614,Travel,Post-IPO,$839,2023,37.77493,-122.41942
904,Eventbrite,San Francisco Bay Area,USA,North America,80,2023-02-28,8.0,1000,920,Consumer,Post-IPO,$557,2023,37.77493,-122.41942
909,Cerebral,Walnut,USA,North America,285,2023-02-27,15.0,1900,1615,Healthcare,Series C,$462,2023,34.02029,-117.86534
910,Amount,Chicago,USA,North America,130,2023-02-27,25.0,520,390,Finance,Unknown,$283,2023,41.85003,-87.65005
911,Palantir,Denver,USA,North America,75,2023-02-27,2.0,3750,3675,Data,Post-IPO,$3000,2023,39.73915,-104.9847
912,Outreach,Seattle,USA,North America,70,2023-02-27,7.0,1000,930,Sales,Series G,$489,2023,47.60621,-122.33207
913,Stytch,San Francisco Bay Area,USA,North America,19,2023-02-27,25.0,76,57,Security,Series B,$126,2023,37.77493,-122.41942
915,Twitter,San Francisco Bay Area,USA,North America,200,2023-02-25,10.0,2000,1800,Consumer,Post-IPO,$12900,2023,37.77493,-122.41942
943,Basis Technologies,Chicago,USA,North America,40,2023-02-21,4.0,1000,960,Marketing,Series B,$52,2023,41.85003,-87.65005
949,Fireblocks,New York City,USA,North America,30,2023-02-20,5.0,600,570,Crypto,Series E,$1000,2023,40.71427,-74.00597
953,Micron,Boise,USA,North America,2400,2023-02-17,5.0,48000,45600,Hardware,Post-IPO,$50,2023,43.6135,-116.20345
956,Chipper Cash,San Francisco Bay Area,USA,North America,100,2023-02-17,33.0,303,203,Finance,Series C,$302,2023,37.77493,-122.41942
959,DocuSign,San Francisco Bay Area,USA,North America,680,2023-02-16,10.0,6800,6120,Sales,Post-IPO,$536,2023,37.77493,-122.41942
960,Pico Interactive,San Francisco Bay Area,USA,North America,400,2023-02-16,20.0,2000,1600,Other,Acquired,$62,2023,37.38605,-122.08385
961,The RealReal,San Francisco Bay Area,USA,North America,230,2023-02-16,7.0,3286,3056,Retail,Post-IPO,$356,2023,37.77493,-122.41942
962,Smartsheet,Seattle,USA,North America,85,2023-02-16,3.0,2833,2748,Other,Post-IPO,$152,2023,47.60621,-122.33207
965,ServiceTitan,Los Angeles,USA,North America,221,2023-02-15,8.0,2763,2542,Sales,Series G,$1100,2023,34.05223,-118.24368
968,DigitalOcean,New York City,USA,North America,200,2023-02-15,11.0,1818,1618,Infrastructure,Post-IPO,$491,2023,40.71427,-74.00597
969,Sprinklr,New York City,USA,North America,100,2023-02-15,4.0,2500,2400,Support,Post-IPO,$429,2023,40.71427,-74.00597
984,Twilio,San Francisco Bay Area,USA,North America,1500,2023-02-13,17.0,8824,7324,Other,Post-IPO,$614,2023,37.77493,-122.41942
985,Electric,New York City,USA,North America,141,2023-02-13,25.0,564,423,Other,Series D,$212,2023,40.71427,-74.00597
988,iRobot,Boston,USA,North America,85,2023-02-13,7.0,1214,1129,Consumer,Acquired,$30,2023,42.35843,-71.05977
996,TripleLift,New York City,USA,North America,100,2023-02-10,20.0,500,400,Marketing,Acquired,$16,2023,40.71427,-74.00597
1003,Yahoo,San Francisco Bay Area,USA,North America,1600,2023-02-09,20.0,8000,6400,Consumer,Acquired,$6,2023,37.36883,-122.03635
1004,MiSan Franciscoits Market,Philadelphia,USA,North America,649,2023-02-09,33.0,1967,1318,Food,Series C,$526,2023,39.95238,-75.16362
1006,Olive AI,Columbus,USA,North America,215,2023-02-09,35.0,614,399,Healthcare,Series H,$856,2023,39.96118,-82.99879
1007,Oportun,San Francisco Bay Area,USA,North America,155,2023-02-09,10.0,1550,1395,Finance,Post-IPO,$566,2023,37.50716,-122.26052
1008,GitLab,San Francisco Bay Area,USA,North America,130,2023-02-09,7.0,1857,1727,Product,Post-IPO,$413,2023,37.77493,-122.41942
1015,GoDaddy,Phoenix,USA,North America,530,2023-02-08,8.0,6625,6095,Marketing,Post-IPO,$800,2023,33.44838,-112.07404
1016,Affirm,San Francisco Bay Area,USA,North America,500,2023-02-08,19.0,2632,2132,Finance,Post-IPO,$1500,2023,37.77493,-122.41942
1017,Gusto,San Francisco Bay Area,USA,North America,126,2023-02-08,5.0,2520,2394,HR,Series E,$746,2023,37.77493,-122.41942
1018,Gong,San Francisco Bay Area,USA,North America,80,2023-02-08,7.0,1143,1063,Sales,Series E,$583,2023,37.77493,-122.41942
1019,Beam Benefits,Columbus,USA,North America,31,2023-02-08,8.0,388,357,Healthcare,Series E,$168,2023,39.96118,-82.99879
1020,Equitybee,San Francisco Bay Area,USA,North America,24,2023-02-08,25.0,96,72,Finance,Series B,$85,2023,37.44188,-122.14302
1025,Zoom,San Francisco Bay Area,USA,North America,1300,2023-02-07,15.0,8667,7367,Other,Post-IPO,$276,2023,37.33939,-121.89496
1026,eBay,San Francisco Bay Area,USA,North America,500,2023-02-07,4.0,12500,12000,Retail,Post-IPO,$1200,2023,37.33939,-121.89496
1027,SecureWorks,Atlanta,USA,North America,212,2023-02-07,9.0,2356,2144,Security,Post-IPO,$83,2023,33.749,-84.38798
1028,Salesloft,Atlanta,USA,North America,100,2023-02-07,10.0,1000,900,Sales,Acquired,$245,2023,33.749,-84.38798
1044,Eightfold AI,San Francisco Bay Area,USA,North America,90,2023-02-03,15.0,600,510,HR,Series E,$396,2023,37.35411,-121.95524
1046,Protocol Labs,San Francisco Bay Area,USA,North America,89,2023-02-03,20.0,445,356,Crypto,Unknown,$10,2023,37.77493,-122.41942
1050,Okta,San Francisco Bay Area,USA,North America,300,2023-02-02,5.0,6000,5700,Security,Post-IPO,$1200,2023,37.77493,-122.41942
1054,Miro,San Francisco Bay Area,USA,North America,119,2023-02-02,7.0,1700,1581,Other,Series C,$476,2023,37.77493,-122.41942
1056,Highspot,Seattle,USA,North America,100,2023-02-02,10.0,1000,900,Sales,Series F,$644,2023,47.60621,-122.33207
1065,Splunk,San Francisco Bay Area,USA,North America,325,2023-02-01,4.0,8125,7800,Data,Post-IPO,$2400,2023,37.77493,-122.41942
1067,DraftKings,Boston,USA,North America,140,2023-02-01,4.0,3500,3360,Consumer,Post-IPO,$719,2023,42.35843,-71.05977
1069,Workato,San Francisco Bay Area,USA,North America,90,2023-02-01,10.0,900,810,Other,Series E,$415,2023,37.38605,-122.08385
1071,Wheel,Austin,USA,North America,56,2023-02-01,28.0,200,144,Healthcare,Series C,$215,2023,30.26715,-97.74306
1072,Chainalysis,New York City,USA,North America,44,2023-02-01,5.0,880,836,Crypto,Series F,$536,2023,40.71427,-74.00597
1074,Exterro,Portland,USA,North America,24,2023-02-01,3.0,800,776,Legal,Private Equity …,$100,2023,45.52345,-122.67621
1075,TheSkimm,New York City,USA,North America,17,2023-02-01,10.0,170,153,Media,Series C,$28,2023,40.71427,-74.00597
1084,PayPal,San Francisco Bay Area,USA,North America,2000,2023-01-31,7.0,28571,26571,Finance,Post-IPO,$216,2023,37.33939,-121.89496
1086,Workday,San Francisco Bay Area,USA,North America,525,2023-01-31,3.0,17500,16975,HR,Post-IPO,$230,2023,37.66243,-121.87468
1087,HubSpot,Boston,USA,North America,500,2023-01-31,7.0,7143,6643,Marketing,Post-IPO,$100,2023,42.35843,-71.05977
1088,Upstart,San Francisco Bay Area,USA,North America,365,2023-01-31,20.0,1825,1460,Finance,Post-IPO,$144,2023,37.56299,-122.32553
1090,Wish,San Francisco Bay Area,USA,North America,150,2023-01-31,17.0,882,732,Retail,Post-IPO,$1600,2023,37.77493,-122.41942
1092,Tilting Point,New York City,USA,North America,60,2023-01-31,14.0,429,369,Consumer,Unknown,$235,2023,40.71427,-74.00597
1105,Impossible Foods,San Francisco Bay Area,USA,North America,140,2023-01-30,20.0,700,560,Food,Series H,$1900,2023,37.48522,-122.23635
1129,Confluent,San Francisco Bay Area,USA,North America,221,2023-01-26,8.0,2763,2542,Data,Post-IPO,$455,2023,37.38605,-122.08385
1140,Guardant Health,San Francisco Bay Area,USA,North America,130,2023-01-25,7.0,1857,1727,Healthcare,Post-IPO,$550,2023,37.44188,-122.14302
1141,SirionLabs,Seattle,USA,North America,130,2023-01-25,15.0,867,737,Legal,Series D,$171,2023,47.60621,-122.33207
1148,Vacasa,Portland,USA,North America,1300,2023-01-24,17.0,7647,6347,Travel,Post-IPO,$834,2023,45.52345,-122.67621
1149,Innovaccer,San Francisco Bay Area,USA,North America,245,2023-01-24,15.0,1633,1388,Healthcare,Series E,$379,2023,37.77493,-122.41942
1150,Bolt,San Francisco Bay Area,USA,North America,50,2023-01-24,10.0,500,450,Finance,Series E,$1300,2023,37.77493,-122.41942
1161,Uber Freight,San Francisco Bay Area,USA,North America,150,2023-01-23,3.0,5000,4850,Logistics,Subsidi…,$2700,2023,37.77493,-122.36608
1163,Innovid,New York City,USA,North America,40,2023-01-23,10.0,400,360,Marketing,Post-IPO,$295,2023,40.71427,-74.00597
1165,Ermetic,San Francisco Bay Area,USA,North America,30,2023-01-23,17.0,176,146,Security,Series B,$97,2023,37.44188,-122.14302
1171,Google,San Francisco Bay Area,USA,North America,12000,2023-01-20,6.0,200000,188000,Consumer,Post-IPO,$26,2023,37.38605,-122.08385
1172,Wayfair,Boston,USA,North America,1750,2023-01-20,10.0,17500,15750,Retail,Post-IPO,$1700,2023,42.35843,-71.05977
1175,Vox Media,Washington DC,USA,North America,130,2023-01-20,7.0,1857,1727,Media,Series F,$307,2023,38.89511,-77.03637
1180,Citrine Informatics,San Francisco Bay Area,USA,North America,22,2023-01-20,27.0,81,59,Data,Series C,$64,2023,37.48522,-122.23635
1189,Hubilo,San Francisco Bay Area,USA,North America,115,2023-01-19,35.0,329,214,Other,Series B,$153,2023,37.77493,-122.41942
1190,Saks.com,New York City,USA,North America,100,2023-01-19,5.0,2000,1900,Retail,Unknown,$965,2023,40.71427,-74.00597
1191,CS Disco,Austin,USA,North America,62,2023-01-19,9.0,689,627,Legal,Post-IPO,$233,2023,30.26715,-97.74306
1204,Microsoft,Seattle,USA,North America,10000,2023-01-18,5.0,200000,190000,Other,Post-IPO,$1,2023,47.60621,-122.33207
1206,Teladoc Health,New York City,USA,North America,300,2023-01-18,6.0,5000,4700,Healthcare,Post-IPO,$172,2023,40.71427,-74.00597
1207,Vroom,New York City,USA,North America,275,2023-01-18,20.0,1375,1100,Transportation,Post-IPO,1300,2023,40.71427,-74.00597
1208,8x8,San Francisco Bay Area,USA,North America,155,2023-01-18,7.0,2214,2059,Support,Post-IPO,$253,2023,37.28717,-121.9499
1209,Pagaya,New York City,USA,North America,140,2023-01-18,20.0,700,560,Finance,Post-IPO,$571,2023,40.71427,-74.00597
1211,Inspirato,Denver,USA,North America,109,2023-01-18,12.0,908,799,Travel,Post-IPO,$179,2023,39.73915,-104.9847
1212,Jumpcloud,Boulder,USA,North America,100,2023-01-18,12.0,833,733,Security,Series F,$416,2023,40.01499,-105.27055
1213,nCino,Wilmington,USA,North America,100,2023-01-18,7.0,1429,1329,Finance,Post-IPO,1100,2023,34.23556,-77.94604
1214,Starry,Boston,USA,North America,100,2023-01-18,24.0,417,317,Other,Post-IPO,$260,2023,42.35843,-71.05977
1217,Addepar,San Francisco Bay Area,USA,North America,20,2023-01-18,3.0,667,647,Finance,Series F,$491,2023,37.38605,-122.08385
1229,Unity,San Francisco Bay Area,USA,North America,284,2023-01-17,3.0,9467,9183,Other,Post-IPO,$1300,2023,37.77493,-122.41942
1235,American Robotics,Boston,USA,North America,50,2023-01-17,65.0,77,27,Other,Acquired,$92,2023,42.35843,-71.05977
1254,Snappy,New York City,USA,North America,100,2023-01-15,30.0,333,233,Marketing,Series C,$104,2023,40.71427,-74.00597
1266,Lending Club,San Francisco Bay Area,USA,North America,225,2023-01-12,14.0,1607,1382,Finance,Post-IPO,$392,2023,37.77493,-122.41942
1271,Lattice,San Francisco Bay Area,USA,North America,105,2023-01-12,15.0,700,595,HR,Series F,$328,2023,37.77493,-122.41942
1272,Greenlight,Atlanta,USA,North America,104,2023-01-12,21.0,495,391,Finance,Series D,$556,2023,33.749,-84.38798
1276,Akili Labs,Boston,USA,North America,46,2023-01-12,30.0,153,107,Healthcare,Post-IPO,$301,2023,42.35843,-71.05977
1281,Flexport,San Francisco Bay Area,USA,North America,640,2023-01-11,20.0,3200,2560,Logistics,Series E,$2400,2023,37.77493,-122.41942
1282,Qualtrics,Salt Lake City,USA,North America,270,2023-01-11,5.0,5400,5130,Other,Post-IPO,$400,2023,40.76078,-111.89105
1284,Tipalti,San Francisco Bay Area,USA,North America,123,2023-01-11,11.0,1118,995,Finance,Series F,$565,2023,37.55855,-122.27108
1285,Jumio,San Francisco Bay Area,USA,North America,100,2023-01-11,6.0,1667,1567,Security,Private Equity …,$205,2023,37.36883,-122.03635
1295,Coinbase,San Francisco Bay Area,USA,North America,950,2023-01-10,20.0,4750,3800,Crypto,Post-IPO,$549,2023,37.77493,-122.41942
1297,Blend,San Francisco Bay Area,USA,North America,340,2023-01-10,28.0,1214,874,Finance,Post-IPO,$665,2023,37.77493,-122.41942
1299,ConsenSys,New York City,USA,North America,100,2023-01-10,11.0,909,809,Crypto,Series D,$726,2023,40.71427,-74.00597
1303,Parler,Nashville,USA,North America,60,2023-01-10,75.0,80,20,Consumer,Series B,$36,2023,36.16589,-86.78444
1307,Cart.com,Austin,USA,North America,25,2023-01-10,4.0,625,600,Retail,Unknown,$383,2023,30.26715,-97.74306
1314,Fate Therapeutics,San Diego,USA,North America,315,2023-01-09,57.0,553,238,Healthcare,Post-IPO,1200,2023,32.71571,-117.16472
1319,WalkMe,San Francisco Bay Area,USA,North America,43,2023-01-08,3.0,1433,1390,Other,Post-IPO,$307,2023,37.77493,-122.41942
1331,SoundHound,San Francisco Bay Area,USA,North America,200,2023-01-05,50.0,400,200,Other,Post-IPO,$326,2023,37.35411,-121.95524
1332,Socure,Reno,USA,North America,104,2023-01-05,19.0,547,443,Finance,Series E,$646,2023,39.52963,-119.8138
1336,Everlane,San Francisco Bay Area,USA,North America,30,2023-01-05,17.0,176,146,Retail,Unknown,$176,2023,37.77493,-122.41942
1338,Personetics,New York City,USA,North America,30,2023-01-05,8.0,375,345,Support,Private Equity …,$178,2023,40.71427,-74.00597
1346,Amazon,Seattle,USA,North America,8000,2023-01-04,2.0,400000,392000,Retail,Post-IPO,$108,2023,47.60621,-122.33207
1347,SaleSan Franciscoorce,San Francisco Bay Area,USA,North America,8000,2023-01-04,10.0,80000,72000,Sales,Post-IPO,$65,2023,37.77493,-122.41942
1348,Astronomer,Cincinnati,USA,North America,76,2023-01-04,20.0,380,304,Data,Series C,$282,2023,39.12711,-84.51439
1349,Kaltura,New York City,USA,North America,75,2023-01-04,11.0,682,607,Media,Post-IPO,$166,2023,40.71427,-74.00597
1350,Augury,New York City,USA,North America,20,2023-01-04,5.0,400,380,Manufacturing,Series E,$274,2023,40.71427,-74.00597
1355,Uniphore,San Francisco Bay Area,USA,North America,76,2023-01-03,10.0,760,684,Support,Series E,$620,2023,37.44188,-122.14302
1359,Micron,Boise,USA,North America,4800,2023-01-01,10.0,48000,43200,Hardware,Post-IPO,$50,2023,43.6135,-116.20345
1372,TuSimple,San Diego,USA,North America,350,2022-12-21,25.0,1400,1050,Transportation,Post-IPO,$648,2022,32.71571,-117.16472
1378,Homebot,Denver,USA,North America,18,2022-12-19,13.0,138,120,Real Estate,Acquired,$4,2022,39.73915,-104.9847
1391,BigCommerce,Austin,USA,North America,180,2022-12-15,13.0,1385,1205,Retail,Post-IPO,$224,2022,30.26715,-97.74306
1392,Freshworks,San Francisco Bay Area,USA,North America,90,2022-12-15,2.0,4500,4410,Support,Post-IPO,$484,2022,37.56299,-122.32553
1393,LeafLink,New York City,USA,North America,80,2022-12-15,31.0,258,178,Other,Series C,$379,2022,40.71427,-74.00597
1399,Headspace,Los Angeles,USA,North America,50,2022-12-14,4.0,1250,1200,Healthcare,Unknown,$215,2022,34.05223,-118.24368
1400,ChowNow,Los Angeles,USA,North America,40,2022-12-14,10.0,400,360,Food,Series C,$64,2022,34.05223,-118.24368
1402,Thumbtack,San Francisco Bay Area,USA,North America,160,2022-12-13,14.0,1143,983,Consumer,Series I,$698,2022,37.77493,-122.41942
1403,Edgio,Phoenix,USA,North America,95,2022-12-13,10.0,950,855,Infrastructure,Post-IPO,$462,2022,33.44838,-112.07404
1404,Komodo Health,San Francisco Bay Area,USA,North America,78,2022-12-13,9.0,867,789,Healthcare,Series E,$514,2022,37.77493,-122.41942
1407,Pluralsight,Salt Lake City,USA,North America,400,2022-12-12,20.0,2000,1600,Education,Acquired,$192,2022,40.76078,-111.89105
1411,Outschool,San Francisco Bay Area,USA,North America,43,2022-12-10,25.0,172,129,Education,Series D,$240,2022,37.77493,-122.41942
1421,C2FO,Kansas City,USA,North America,20,2022-12-09,2.0,1000,980,Finance,Series H,$537,2022,39.09973,-94.57857
1426,Airtable,San Francisco Bay Area,USA,North America,254,2022-12-08,20.0,1270,1016,Product,Series F,$1400,2022,37.77493,-122.41942
1430,BlackLine,Los Angeles,USA,North America,95,2022-12-08,5.0,1900,1805,Finance,Private Equity …,$220,2022,34.05223,-118.24368
1433,TechTarget,Boston,USA,North America,60,2022-12-08,5.0,1200,1140,Marketing,Post-IPO,$115,2022,42.35843,-71.05977
1435,CyCognito,San Francisco Bay Area,USA,North America,30,2022-12-08,15.0,200,170,Security,Series C,$153,2022,37.44188,-122.14302
1436,Armis,San Francisco Bay Area,USA,North America,25,2022-12-08,4.0,625,600,Security,Private Equity …,$537,2022,37.77493,-122.41942
1445,Plaid,San Francisco Bay Area,USA,North America,260,2022-12-07,20.0,1300,1040,Finance,Series D,$734,2022,37.77493,-122.41942
1446,Motive,San Francisco Bay Area,USA,North America,237,2022-12-07,6.0,3950,3713,Transportation,Series F,$567,2022,37.77493,-122.41942
1448,Relativity,Chicago,USA,North America,150,2022-12-07,10.0,1500,1350,Legal,Private Equity …,$125,2022,41.85003,-87.65005
1450,Integral Ad Science,New York City,USA,North America,120,2022-12-07,13.0,923,803,Marketing,Acquired,$116,2022,40.71427,-74.00597
1451,Houzz,San Francisco Bay Area,USA,North America,95,2022-12-07,8.0,1188,1093,Consumer,Series E,$613,2022,37.44188,-122.14302
1453,Lev,New York City,USA,North America,30,2022-12-07,30.0,100,70,Real Estate,Series B,$114,2022,40.71427,-74.00597
1454,Lithic,New York City,USA,North America,27,2022-12-07,18.0,150,123,Finance,Series C,$115,2022,40.71427,-74.00597
1459,Doma,San Francisco Bay Area,USA,North America,515,2022-12-06,40.0,1288,773,Finance,Post-IPO,$679,2022,37.77493,-122.41942
1461,BuzzFeed,New York City,USA,North America,180,2022-12-06,12.0,1500,1320,Media,Post-IPO,$696,2022,40.71427,-74.00597
1464,Chipper Cash,San Francisco Bay Area,USA,North America,50,2022-12-06,13.0,385,335,Finance,Series C,$302,2022,37.77493,-122.41942
1465,Stash,New York City,USA,North America,32,2022-12-06,8.0,400,368,Finance,Unknown,$480,2022,40.71427,-74.00597
1475,Aqua Security,Boston,USA,North America,65,2022-12-05,10.0,650,585,Security,Series E,$265,2022,42.35843,-71.05977
1485,Polly,Burlington,USA,North America,47,2022-12-02,15.0,313,266,Finance,Series C,$184,2022,44.47588,-73.21207
1489,Bizzabo,New York City,USA,North America,100,2022-12-01,37.0,270,170,Marketing,Series E,$194,2022,40.71427,-74.00597
1491,Netlify,San Francisco Bay Area,USA,North America,48,2022-12-01,16.0,300,252,Product,Series D,$212,2022,37.77493,-122.41942
1492,Springbig,Miami,USA,North America,37,2022-12-01,23.0,161,124,Sales,Post-IPO,$32,2022,25.77427,-80.19366
1498,DoorDash,San Francisco Bay Area,USA,North America,1250,2022-11-30,6.0,20833,19583,Food,Post-IPO,$2500,2022,37.77493,-122.41942
1499,Kraken,San Francisco Bay Area,USA,North America,1100,2022-11-30,30.0,3667,2567,Crypto,Unknown,$134,2022,37.77493,-122.41942
1500,Happy Money,Los Angeles,USA,North America,158,2022-11-30,34.0,465,307,Finance,Series D,$191,2022,34.05223,-118.24368
1502,Wonder,New York City,USA,North America,130,2022-11-30,7.0,1857,1727,Food,Series B,$850,2022,40.71427,-74.00597
1504,Grin,Sacramento,USA,North America,60,2022-11-30,13.0,462,402,Marketing,Series B,$145,2022,38.58157,-121.4944
1530,Candy Digital,New York City,USA,North America,33,2022-11-28,33.0,100,67,Crypto,Series A,$100,2022,40.71427,-74.00597
1564,Carvana,Phoenix,USA,North America,1500,2022-11-18,8.0,18750,17250,Transportation,Post-IPO,$1600,2022,33.44838,-112.07404
1565,Nuro,San Francisco Bay Area,USA,North America,300,2022-11-18,20.0,1500,1200,Transportation,Series D,$2100,2022,37.38605,-122.08385
1566,Synthego,San Francisco Bay Area,USA,North America,105,2022-11-18,20.0,525,420,Healthcare,Series E,$459,2022,37.48522,-122.23635
1574,Roku,San Francisco Bay Area,USA,North America,200,2022-11-17,7.0,2857,2657,Media,Post-IPO,$208,2022,37.33939,-121.89496
1579,Capitolis,New York City,USA,North America,37,2022-11-17,25.0,148,111,Finance,Series D,$281,2022,40.71427,-74.00597
1586,Amazon,Seattle,USA,North America,10000,2022-11-16,3.0,333333,323333,Retail,Post-IPO,$108,2022,47.60621,-122.33207
1587,Cisco,San Francisco Bay Area,USA,North America,4100,2022-11-16,5.0,82000,77900,Infrastructure,Post-IPO,$2,2022,37.33939,-121.89496
1590,Similarweb,New York City,USA,North America,120,2022-11-16,10.0,1200,1080,Other,Post-IPO,$235,2022,40.71427,-74.00597
1591,Salsify,Boston,USA,North America,90,2022-11-16,11.0,818,728,Retail,Series F,$452,2022,42.35843,-71.05977
1592,Lokalise,Dover,USA,North America,76,2022-11-16,23.0,330,254,Other,Series B,$56,2022,39.15817,-75.52437
1593,Yotpo,New York City,USA,North America,70,2022-11-16,9.0,778,708,Marketing,Unknown,$436,2022,40.71427,-74.00597
1594,Pear Therapeutics,Boston,USA,North America,59,2022-11-16,22.0,268,209,Healthcare,Post-IPO,$409,2022,42.35843,-71.05977
1601,UiPath,New York City,USA,North America,241,2022-11-15,6.0,4017,3776,Data,Post-IPO,2000,2022,40.71427,-74.00597
1602,Asana,San Francisco Bay Area,USA,North America,180,2022-11-15,9.0,2000,1820,Other,Post-IPO,$453,2022,37.77493,-122.41942
1603,OwnBackup,New York City,USA,North America,170,2022-11-15,17.0,1000,830,Security,Series E,$507,2022,40.71427,-74.00597
1611,CaptivateIQ,San Francisco Bay Area,USA,North America,31,2022-11-15,10.0,310,279,Sales,Series C,$164,2022,37.77493,-122.41942
1621,Illumina,San Diego,USA,North America,500,2022-11-14,5.0,10000,9500,Healthcare,Post-IPO,$28,2022,32.71571,-117.16472
1623,iFit,Logan,USA,North America,300,2022-11-14,20.0,1500,1200,Fitness,Private Equity …,$200,2022,41.73549,-111.83439
1624,Ribbon,New York City,USA,North America,170,2022-11-14,85.0,200,30,Real Estate,Series C,$405,2022,40.71427,-74.00597
1626,Intercom,San Francisco Bay Area,USA,North America,124,2022-11-14,13.0,954,830,Support,Series D,$240,2022,37.77493,-122.41942
1628,Pear Therapeutics,Boston,USA,North America,59,2022-11-14,22.0,268,209,Healthcare,Post-IPO,$409,2022,42.35843,-71.05977
1630,Cloudinary,San Francisco Bay Area,USA,North America,40,2022-11-14,8.0,500,460,Media,Unknown,$100,2022,37.35411,-121.95524
1635,Veev,San Francisco Bay Area,USA,North America,100,2022-11-11,30.0,333,233,Real Estate,Series D,$597,2022,37.66882,-122.0808
1641,Juul,San Francisco Bay Area,USA,North America,400,2022-11-10,30.0,1333,933,Consumer,Unknown,$1500,2022,37.77493,-122.41942
1642,Blend,San Francisco Bay Area,USA,North America,100,2022-11-10,6.0,1667,1567,Finance,Post-IPO,$665,2022,37.77493,-122.41942
1643,InfluxData,San Francisco Bay Area,USA,North America,65,2022-11-10,27.0,241,176,Data,Series D,$119,2022,37.77493,-122.41942
1645,SoundHound,San Francisco Bay Area,USA,North America,45,2022-11-10,10.0,450,405,Other,Post-IPO,$326,2022,37.35411,-121.95524
1647,Ocavu,Lehi,USA,North America,20,2022-11-10,48.0,42,22,Crypto,Series A,$11,2022,26.62535,-81.6248
1654,Meta,San Francisco Bay Area,USA,North America,11000,2022-11-09,13.0,84615,73615,Consumer,Post-IPO,$26000,2022,37.45383,-122.18219
1655,Redfin,Seattle,USA,North America,862,2022-11-09,13.0,6631,5769,Real Estate,Post-IPO,$320,2022,47.60621,-122.33207
1656,Flyhomes,Seattle,USA,North America,300,2022-11-09,40.0,750,450,Real Estate,Series C,$310,2022,47.60621,-122.33207
1657,AvantStay,Los Angeles,USA,North America,144,2022-11-09,22.0,655,511,Travel,Private Equity …,$686,2022,34.05223,-118.24368
1658,Root Insurance,Columbus,USA,North America,137,2022-11-09,20.0,685,548,Finance,Post-IPO,$527,2022,39.96118,-82.99879
1659,Liftoff,San Francisco Bay Area,USA,North America,130,2022-11-09,15.0,867,737,Marketing,Acquired,$6,2022,37.48522,-122.23635
1662,Kabam,San Francisco Bay Area,USA,North America,35,2022-11-09,7.0,500,465,Consumer,Acquired,$244,2022,37.77493,-122.41942
1672,Repertoire Immu…,Boston,USA,North America,65,2022-11-08,50.0,130,65,Healthcare,Series B,$257,2022,42.35843,-71.05977
1677,SaleSan Franciscoorce,San Francisco Bay Area,USA,North America,1000,2022-11-07,1.0,100000,99000,Sales,Post-IPO,$65,2022,37.77493,-122.41942
1679,Zendesk,San Francisco Bay Area,USA,North America,350,2022-11-07,5.0,7000,6650,Support,Acquired,$85,2022,37.77493,-122.41942
1683,Varonis,New York City,USA,North America,110,2022-11-06,5.0,2200,2090,Security,Post-IPO,$30,2022,40.71427,-74.00597
1686,Twitter,San Francisco Bay Area,USA,North America,3700,2022-11-04,50.0,7400,3700,Consumer,Post-IPO,$12900,2022,37.77493,-122.41942
1690,Exodus,Nebraska City,USA,North America,59,2022-11-04,22.0,268,209,Crypto,Unknown,$60,2022,40.67667,-95.85917
1693,Stripe,San Francisco Bay Area,USA,North America,1000,2022-11-03,14.0,7143,6143,Finance,Series H,$2300,2022,37.77493,-122.41942
1694,Lyft,San Francisco Bay Area,USA,North America,700,2022-11-03,13.0,5385,4685,Transportation,Post-IPO,$4900,2022,37.77493,-122.41942
1698,Shippo,San Francisco Bay Area,USA,North America,60,2022-11-03,20.0,300,240,Logistics,Series E,$154,2022,37.77493,-122.41942
1706,Opendoor,San Francisco Bay Area,USA,North America,550,2022-11-02,18.0,3056,2506,Real Estate,Post-IPO,1900,2022,37.77493,-122.41942
1707,Chime,San Francisco Bay Area,USA,North America,156,2022-11-02,12.0,1300,1144,Finance,Series G,$2300,2022,37.77493,-122.41942
1708,Chargebee,San Francisco Bay Area,USA,North America,142,2022-11-02,10.0,1420,1278,Finance,Series H,$468,2022,37.77493,-122.41942
1712,Iron Ox,San Francisco Bay Area,USA,North America,50,2022-11-02,50.0,100,50,Food,Series C,$103,2022,37.77493,-122.41942
1719,Upstart,San Francisco Bay Area,USA,North America,140,2022-11-01,7.0,2000,1860,Finance,Post-IPO,$144,2022,37.56299,-122.32553
1720,Gem,San Francisco Bay Area,USA,North America,100,2022-11-01,33.0,303,203,Recruiting,Series C,$148,2022,37.77493,-122.41942
1731,EquityZen,New York City,USA,North America,30,2022-10-31,27.0,111,81,Finance,Series B,$11,2022,40.71427,-74.00597
1732,Equitybee,San Francisco Bay Area,USA,North America,25,2022-10-31,20.0,125,100,Finance,Series B,$85,2022,37.44188,-122.14302
1735,Amazon,Seattle,USA,North America,150,2022-10-28,0.04497975910840122,333483,333333,Retail,Post-IPO,$108,2022,47.60621,-122.33207
1736,Fifth Season,Pittsburgh,USA,North America,100,2022-10-28,100.0,100,0,Food,Series B,$35,2022,40.44062,-79.99589
1740,Recharge,Los Angeles,USA,North America,84,2022-10-27,17.0,494,410,Finance,Series B,$277,2022,34.05223,-118.24368
1745,MindBody,San Luis Obispo,USA,North America,400,2022-10-26,15.0,2667,2267,Fitness,Post-IPO,$114,2022,35.28275,-120.65962
1746,Zillow,Seattle,USA,North America,300,2022-10-26,5.0,6000,5700,Real Estate,Post-IPO,$97,2022,47.60621,-122.33207
1747,Cybereason,Boston,USA,North America,200,2022-10-26,17.0,1176,976,Security,Series F,$750,2022,42.35843,-71.05977
1748,Argo AI,Pittsburgh,USA,North America,173,2022-10-26,6.070175438596491,2850,2677,Transportation,Unknown,$3600,2022,40.44062,-79.99589
1751,Fundbox,San Francisco Bay Area,USA,North America,150,2022-10-25,42.0,357,207,Finance,Series D,$553,2022,37.77493,-122.41942
1752,Embroker,San Francisco Bay Area,USA,North America,30,2022-10-25,12.0,250,220,Finance,Series C,$142,2022,37.77493,-122.41942
1757,Cerebral,Walnut,USA,North America,400,2022-10-24,20.0,2000,1600,Healthcare,Series C,$462,2022,34.02029,-117.86534
1758,Snyk,Boston,USA,North America,198,2022-10-24,14.0,1414,1216,Security,Series F,$849,2022,42.35843,-71.05977
1763,Khoros,Austin,USA,North America,120,2022-10-21,10.0,1200,1080,Sales,Private Equity …,$138,2022,30.26715,-97.74306
1769,Zeus Living,San Francisco Bay Area,USA,North America,64,2022-10-20,46.0,139,75,Real Estate,Series C,$151,2022,37.77493,-122.41942
1770,Loom,San Francisco Bay Area,USA,North America,23,2022-10-20,11.0,209,186,Product,Series C,$203,2022,37.77493,-122.41942
1775,Gopuff,Philadelphia,USA,North America,250,2022-10-19,1.851851851851852,13500,13250,Food,Series H,$3400,2022,39.95238,-75.16362
1776,AtoB,San Francisco Bay Area,USA,North America,32,2022-10-19,30.0,107,75,Finance,Series B,$177,2022,37.77493,-122.41942
1781,Faire,San Francisco Bay Area,USA,North America,84,2022-10-18,7.0,1200,1116,Retail,Series G,$1700,2022,37.77493,-122.41942
1782,Leafly,Seattle,USA,North America,56,2022-10-18,21.0,267,211,Retail,Post-IPO,$71,2022,47.60621,-122.33207
1787,Flipboard,San Francisco Bay Area,USA,North America,24,2022-10-16,21.0,114,90,Media,Unknown,$235,2022,37.44188,-122.14302
1790,Beyond Meat,Los Angeles,USA,North America,200,2022-10-14,19.0,1053,853,Food,Post-IPO,$122,2022,34.05223,-118.24368
1791,Beyond Meat,Los Angeles,USA,North America,200,2022-10-14,19.0,1053,853,Food,Post-IPO,$122,2022,34.05223,-118.24368
1795,Playdots,New York City,USA,North America,65,2022-10-13,100.0,65,0,Consumer,Acquired,$10,2022,40.71427,-74.00597
1798,6sense,San Francisco Bay Area,USA,North America,150,2022-10-12,10.0,1500,1350,Sales,Series E,$426,2022,37.77493,-122.41942
1801,Noom,New York City,USA,North America,500,2022-10-11,10.0,5000,4500,Healthcare,Series F,$657,2022,40.71427,-74.00597
1803,Brex,San Francisco Bay Area,USA,North America,136,2022-10-11,11.0,1236,1100,Finance,Series D,$1500,2022,37.77493,-122.41942
1804,Pacaso,San Francisco Bay Area,USA,North America,100,2022-10-11,30.0,333,233,Real Estate,Series C,$217,2022,37.77493,-122.41942
1806,Udacity,San Francisco Bay Area,USA,North America,55,2022-10-11,13.0,423,368,Education,Unknown,$235,2022,37.38605,-122.08385
1812,Momentive,San Francisco Bay Area,USA,North America,180,2022-10-10,11.0,1636,1456,Marketing,Post-IPO,$1100,2022,37.56299,-122.32553
1813,Pavilion Data,San Francisco Bay Area,USA,North America,96,2022-10-10,96.0,100,4,Infrastructure,Series D,$103,2022,37.33939,-121.89496
1814,Redesign Health,New York City,USA,North America,67,2022-10-10,20.0,335,268,Healthcare,Series C,$315,2022,40.71427,-74.00597
1817,BioMarin,San Francisco Bay Area,USA,North America,120,2022-10-07,4.0,3000,2880,Healthcare,Post-IPO,$585,2022,37.97353,-122.53109
1820,Peloton,New York City,USA,North America,500,2022-10-06,12.0,4167,3667,Fitness,Post-IPO,$1900,2022,40.71427,-74.00597
1823,Impossible Foods,San Francisco Bay Area,USA,North America,50,2022-10-06,6.0,833,783,Food,Series H,$1900,2022,37.48522,-122.23635
1828,Built In,Chicago,USA,North America,50,2022-10-05,25.0,200,150,Recruiting,Series C,$29,2022,41.85003,-87.65005
1830,8x8,San Francisco Bay Area,USA,North America,200,2022-10-04,9.0,2222,2022,Support,Post-IPO,$253,2022,37.28717,-121.9499
1832,Homie,Salt Lake City,USA,North America,40,2022-10-04,13.0,308,268,Real Estate,Series B,$35,2022,40.76078,-111.89105
1838,Spin,San Francisco Bay Area,USA,North America,78,2022-09-30,10.0,780,702,Transportation,Acquired,$8,2022,37.77493,-122.41942
1843,Mux,San Francisco Bay Area,USA,North America,40,2022-09-29,20.0,200,160,Infrastructure,Series D,$173,2022,37.77493,-122.41942
1846,DocuSign,San Francisco Bay Area,USA,North America,671,2022-09-28,9.0,7456,6785,Sales,Post-IPO,$536,2022,37.77493,-122.41942
1849,Divvy Homes,San Francisco Bay Area,USA,North America,40,2022-09-27,12.0,333,293,Real Estate,Series B,$180,2022,37.77493,-122.41942
1854,Foxtrot,Chicago,USA,North America,26,2022-09-23,4.0,650,624,Food,Series C,$166,2022,41.85003,-87.65005
1857,NYDIG,New York City,USA,North America,110,2022-09-22,33.0,333,223,Crypto,Private Equity …,$1400,2022,40.71427,-74.00597
1860,Kitty Hawk,San Francisco Bay Area,USA,North America,100,2022-09-21,100.0,100,0,Aerospace,Unknown,$1,2022,37.44188,-122.14302
1862,Compass,New York City,USA,North America,271,2022-09-20,6.691358024691358,4050,3779,Real Estate,Post-IPO,$1600,2022,40.71427,-74.00597
1869,Vesalius Therapeutics,Boston,USA,North America,29,2022-09-19,43.0,67,38,Healthcare,Series B,$75,2022,42.35843,-71.05977
1874,LivePerson,New York City,USA,North America,193,2022-09-15,11.0,1755,1562,Support,Post-IPO,$42,2022,40.71427,-74.00597
1876,WorkRamp,San Francisco Bay Area,USA,North America,35,2022-09-15,20.0,175,140,HR,Series C,$67,2022,37.50716,-122.26052
1879,Twilio,San Francisco Bay Area,USA,North America,800,2022-09-14,11.0,7273,6473,Other,Post-IPO,$614,2022,37.77493,-122.41942
1884,Rubius,Boston,USA,North America,160,2022-09-13,75.0,213,53,Healthcare,Post-IPO,$445,2022,42.35843,-71.05977
1886,Taboola,New York City,USA,North America,100,2022-09-13,6.0,1667,1567,Marketing,Post-IPO,$445,2022,40.71427,-74.00597
1887,Patreon,San Francisco Bay Area,USA,North America,80,2022-09-13,17.0,471,391,Media,Series F,$413,2022,37.77493,-122.41942
1914,Intercom,San Francisco Bay Area,USA,North America,49,2022-09-07,5.0,980,931,Support,Series D,$240,2022,37.77493,-122.41942
1915,Pendo,Raleigh,USA,North America,45,2022-09-07,5.0,900,855,Product,Series F,$469,2022,35.7721,-78.63861
1916,Demandbase,San Francisco Bay Area,USA,North America,27,2022-09-07,3.0,900,873,Sales,Series H,$143,2022,37.77493,-122.41942
1920,Brave Care,Portland,USA,North America,40,2022-09-06,33.0,121,81,Healthcare,Series B,$42,2022,45.52345,-122.67621
1928,Innovaccer,San Francisco Bay Area,USA,North America,90,2022-09-01,8.0,1125,1035,Healthcare,Series E,$379,2022,37.77493,-122.41942
1932,Snap,Los Angeles,USA,North America,1280,2022-08-31,20.0,6400,5120,Consumer,Post-IPO,$4900,2022,34.05223,-118.24368
1933,GoodRx,Los Angeles,USA,North America,140,2022-08-31,16.0,875,735,Healthcare,Post-IPO,$910,2022,34.05223,-118.24368
1935,Hippo Insurance,San Francisco Bay Area,USA,North America,70,2022-08-31,10.0,700,630,Finance,Post-IPO,$1300,2022,37.44188,-122.14302
1938,TCR2,Boston,USA,North America,30,2022-08-31,20.0,150,120,Healthcare,Post-IPO,$173,2022,42.35843,-71.05977
1939,Apartment List,San Francisco Bay Area,USA,North America,29,2022-08-31,10.0,290,261,Real Estate,Series D,$169,2022,37.77493,-122.41942
1948,54gene,Washington DC,USA,North America,95,2022-08-29,30.0,317,222,Healthcare,Series B,$44,2022,38.89511,-77.03637
1954,Argyle,New York City,USA,North America,20,2022-08-26,7.0,286,266,Finance,Series B,$78,2022,40.71427,-74.00597
1960,Reali,San Francisco Bay Area,USA,North America,140,2022-08-24,100.0,140,0,Real Estate,Series B,$117,2022,37.77493,-122.41942
1961,Loop,Washington DC,USA,North America,15,2022-08-24,20.0,75,60,Finance,Series A,$24,2022,38.89511,-77.03637
1964,Packable,New York City,USA,North America,138,2022-08-23,20.0,690,552,Retail,Unknown,$472,2022,40.71427,-74.00597
1966,Skedulo,San Francisco Bay Area,USA,North America,31,2022-08-23,8.0,388,357,HR,Series C,$114,2022,37.77493,-122.41942
1967,Plato,San Francisco Bay Area,USA,North America,29,2022-08-23,50.0,58,29,HR,Seed,$3,2022,37.77493,-122.41942
1968,DataRobot,Boston,USA,North America,242,2022-08-23,26.0,930,688,Data,Series G,$1000,2022,42.35843,-71.05977
1974,Tufin,Boston,USA,North America,55,2022-08-21,10.0,550,495,Security,Acquired,$21,2022,42.35843,-71.05977
1975,Amperity,Seattle,USA,North America,13,2022-08-20,3.0,433,420,Marketing,Series D,$187,2022,47.60621,-122.33207
1976,Wayfair,Boston,USA,North America,870,2022-08-19,5.0,17400,16530,Retail,Post-IPO,1700,2022,42.35843,-71.05977
1979,New Relic,San Francisco Bay Area,USA,North America,110,2022-08-18,5.0,2200,2090,Infrastructure,Post-IPO,$214,2022,37.77493,-122.41942
1980,Wheel,Austin,USA,North America,35,2022-08-18,17.0,206,171,Healthcare,Series C,$215,2022,30.26715,-97.74306
1984,Malwarebytes,San Francisco Bay Area,USA,North America,125,2022-08-17,14.0,893,768,Security,Series B,$80,2022,37.35411,-121.95524
1992,Woven,Indianapolis,USA,North America,5,2022-08-16,15.0,33,28,HR,Series A,$11,2022,39.76838,-86.15804
1997,Sema4,Stamford,USA,North America,250,2022-08-15,13.0,1923,1673,Healthcare,Post-IPO,$791,2022,41.05343,-73.53873
1998,Blend,San Francisco Bay Area,USA,North America,220,2022-08-15,12.0,1833,1613,Finance,Post-IPO,$665,2022,37.77493,-122.41942
1999,ContraFect,New York City,USA,North America,16,2022-08-15,37.0,43,27,Healthcare,Post-IPO,$380,2022,40.71427,-74.00597
2003,Peloton,New York City,USA,North America,784,2022-08-12,13.0,6031,5247,Fitness,Post-IPO,$1900,2022,40.71427,-74.00597
2006,Truepill,San Francisco Bay Area,USA,North America,175,2022-08-11,33.0,530,355,Healthcare,Series D,$255,2022,37.66882,-122.0808
2007,Calm,San Francisco Bay Area,USA,North America,90,2022-08-11,20.0,450,360,Healthcare,Series C,$218,2022,37.77493,-122.41942
2008,FourKites,Chicago,USA,North America,60,2022-08-11,8.0,750,690,Logistics,Series D,$201,2022,41.85003,-87.65005
2018,GoHealth,Chicago,USA,North America,800,2022-08-09,20.0,4000,3200,Healthcare,Post-IPO,$75,2022,41.85003,-87.65005
2020,Nutanix,San Francisco Bay Area,USA,North America,270,2022-08-09,4.0,6750,6480,Infrastructure,Post-IPO,$1100,2022,37.33939,-121.89496
2021,Quanterix,Boston,USA,North America,130,2022-08-09,25.0,520,390,Healthcare,Post-IPO,$533,2022,42.35843,-71.05977
2026,Shogun,San Francisco Bay Area,USA,North America,48,2022-08-09,30.0,160,112,Retail,Series C,$114,2022,37.5841,-122.36608
2035,Groupon,Chicago,USA,North America,500,2022-08-08,15.0,3333,2833,Retail,Post-IPO,1400,2022,41.85003,-87.65005
2043,iRobot,Boston,USA,North America,140,2022-08-05,10.0,1400,1260,Consumer,Acquired,$30,2022,42.35843,-71.05977
2048,Doma,San Francisco Bay Area,USA,North America,250,2022-08-04,13.0,1923,1673,Finance,Post-IPO,$679,2022,37.77493,-122.41942
2050,Jam City,Los Angeles,USA,North America,200,2022-08-04,17.0,1176,976,Consumer,Unknown,$652,2022,34.05223,-118.24368
2051,10X Genomics,San Francisco Bay Area,USA,North America,100,2022-08-04,8.0,1250,1150,Healthcare,Post-IPO,$242,2022,37.66243,-121.87468
2054,On Deck,San Francisco Bay Area,USA,North America,73,2022-08-04,33.0,221,148,Education,Series A,$20,2022,37.77493,-122.41942
2064,Beyond Meat,Los Angeles,USA,North America,40,2022-08-03,4.0,1000,960,Food,Post-IPO,$122,2022,34.05223,-118.24368
2070,Robinhood,San Francisco Bay Area,USA,North America,713,2022-08-02,23.0,3100,2387,Finance,Post-IPO,$5600,2022,37.45383,-122.18219
2071,Latch,New York City,USA,North America,115,2022-08-02,37.0,311,196,Security,Post-IPO,$342,2022,40.71427,-74.00597
2074,Nylas,San Francisco Bay Area,USA,North America,80,2022-08-02,25.0,320,240,Product,Series C,$175,2022,37.77493,-122.41942
2075,Outreach,Seattle,USA,North America,60,2022-08-02,5.0,1200,1140,Sales,Series G,$489,2022,47.60621,-122.33207
2079,Stedi,Boulder,USA,North America,23,2022-08-02,30.0,77,54,Product,Series B,$75,2022,40.01499,-105.27055
2080,Glossier,New York City,USA,North America,19,2022-08-02,8.0,238,219,Retail,Series E,$266,2022,40.71427,-74.00597
2097,Quantcast,San Francisco Bay Area,USA,North America,40,2022-07-29,6.0,667,627,Marketing,Series C,$65,2022,37.77493,-122.41942
2103,Career Karma,San Francisco Bay Area,USA,North America,60,2022-07-28,33.0,182,122,Education,Series B,$51,2022,37.77493,-122.41942
2104,Metromile,San Francisco Bay Area,USA,North America,60,2022-07-28,20.0,300,240,Finance,Acquired,$510,2022,37.77493,-122.41942
2114,Rivian,Detroit,USA,North America,840,2022-07-27,6.0,14000,13160,Transportation,Post-IPO,$10700,2022,42.33143,-83.04575
2115,Vox Media,Washington DC,USA,North America,39,2022-07-27,2.0,1950,1911,Media,Series F,$307,2022,38.89511,-77.03637
2122,Outbrain,New York City,USA,North America,38,2022-07-26,3.0,1267,1229,Marketing,Post-IPO,$394,2022,40.71427,-74.00597
2123,Dover,San Francisco Bay Area,USA,North America,23,2022-07-26,30.0,77,54,Recruiting,Series A,$22,2022,37.33939,-121.89496
2126,Pear Therapeutics,Boston,USA,North America,25,2022-07-25,9.0,278,253,Healthcare,Post-IPO,$409,2022,42.35843,-71.05977
2132,Clarify Health,San Francisco Bay Area,USA,North America,15,2022-07-22,5.0,300,285,Healthcare,Series D,$328,2022,37.77493,-122.41942
2141,WHOOP,Boston,USA,North America,95,2022-07-21,15.0,633,538,Fitness,Series F,$404,2022,42.35843,-71.05977
2142,Rad Power Bikes,Seattle,USA,North America,63,2022-07-21,10.0,630,567,Transportation,Series D,$329,2022,47.60621,-122.33207
2143,Lunchbox,New York City,USA,North America,60,2022-07-21,33.0,182,122,Food,Series B,$72,2022,40.71427,-74.00597
2144,RealSelf,Seattle,USA,North America,11,2022-07-21,5.0,220,209,Healthcare,Series B,$42,2022,47.60621,-122.33207
2151,Flyhomes,Seattle,USA,North America,200,2022-07-20,20.0,1000,800,Real Estate,Series C,$310,2022,47.60621,-122.33207
2154,Lyft,San Francisco Bay Area,USA,North America,60,2022-07-20,2.0,3000,2940,Transportation,Post-IPO,$4900,2022,37.77493,-122.41942
2161,Olive,Columbus,USA,North America,450,2022-07-19,31.0,1452,1002,Healthcare,Series H,$856,2022,39.96118,-82.99879
2167,Gemini,New York City,USA,North America,68,2022-07-18,7.0,971,903,Crypto,Unknown,$423,2022,40.71427,-74.00597
2168,Lusha,New York City,USA,North America,30,2022-07-18,10.0,300,270,Marketing,Series B,$245,2022,40.71427,-74.00597
2175,Project44,Chicago,USA,North America,63,2022-07-15,5.0,1260,1197,Logistics,Unknown,$817,2022,41.85003,-87.65005
2180,The Mom Project,Chicago,USA,North America,54,2022-07-14,15.0,360,306,HR,Series C,$115,2022,41.85003,-87.65005
2181,Unstoppable Do.,San Francisco Bay Area,USA,North America,42,2022-07-14,25.0,168,126,Crypto,Series B,$7,2022,37.77493,-122.41942
2182,Kiavi,San Francisco Bay Area,USA,North America,39,2022-07-14,7.0,557,518,Real Estate,Series E,$240,2022,37.77493,-122.41942
2187,Tonal,San Francisco Bay Area,USA,North America,262,2022-07-13,35.0,749,487,Fitness,Series E,$450,2022,37.77493,-122.41942
2188,Fabric,New York City,USA,North America,120,2022-07-13,40.0,300,180,Logistics,Series C,$336,2022,40.71427,-74.00597
2190,ChowNow,Los Angeles,USA,North America,100,2022-07-13,20.0,500,400,Food,Series C,$64,2022,34.05223,-118.24368
2197,Gopuff,Philadelphia,USA,North America,1500,2022-07-12,10.0,15000,13500,Food,Series H,$3400,2022,39.95238,-75.16362
2200,Hubilo,San Francisco Bay Area,USA,North America,45,2022-07-12,12.0,375,330,Marketing,Series B,$153,2022,37.77493,-122.41942
2206,SundaySky,New York City,USA,North America,24,2022-07-11,13.0,185,161,Marketing,Series D,$74,2022,40.71427,-74.00597
2212,Butler Hospitality,New York City,USA,North America,1000,2022-07-08,100.0,1000,0,Food,Series B,$50,2022,40.71427,-74.00597
2213,Calibrate,New York City,USA,North America,156,2022-07-08,24.0,650,494,Healthcare,Series B,$127,2022,40.71427,-74.00597
2215,Argo AI,Pittsburgh,USA,North America,150,2022-07-07,5.0,3000,2850,Transportation,Unknown,3600,2022,40.44062,-79.99589
2216,Next Insurance,San Francisco Bay Area,USA,North America,150,2022-07-07,17.0,882,732,Finance,Series E,$881,2022,37.44188,-122.14302
2218,Emotive,Los Angeles,USA,North America,30,2022-07-07,18.0,167,137,Marketing,Series B,$78,2022,34.05223,-118.24368
2221,Remote,San Francisco Bay Area,USA,North America,100,2022-07-06,9.0,1111,1011,HR,Series C,$496,2022,37.77493,-122.41942
2224,SQream,New York City,USA,North America,30,2022-07-06,18.0,167,137,Data,Series B,$77,2022,40.71427,-74.00597
2228,Bizzabo,New York City,USA,North America,120,2022-07-05,30.0,400,280,Marketing,Series E,$194,2022,40.71427,-74.00597
2230,Verbit,New York City,USA,North America,80,2022-07-05,10.0,800,720,Data,Series E,$569,2022,40.71427,-74.00597
2231,Outschool,San Francisco Bay Area,USA,North America,31,2022-07-05,18.0,172,141,Education,Series D,$240,2022,37.77493,-122.41942
2233,Transmit Security,Boston,USA,North America,27,2022-07-05,7.0,386,359,Security,Series A,$583,2022,42.35843,-71.05977
2234,Thimble,New York City,USA,North America,20,2022-07-05,33.0,61,41,Finance,Series A,$28,2022,40.71427,-74.00597
2242,Celsius,New York City,USA,North America,150,2022-07-03,25.0,600,450,Crypto,Series B,$864,2022,40.71427,-74.00597
2246,WanderJaunt,San Francisco Bay Area,USA,North America,85,2022-07-01,100.0,85,0,Travel,Series B,$26,2022,37.77493,-122.41942
2247,Canoo,Los Angeles,USA,North America,58,2022-07-01,6.0,967,909,Transportation,Post-IPO,$300,2022,34.05223,-118.24368
2249,Teleport,San Francisco Bay Area,USA,North America,15,2022-07-01,6.0,250,235,Infrastructure,Series C,$169,2022,37.80437,-122.2708
2251,Enjoy,San Francisco Bay Area,USA,North America,400,2022-06-30,18.0,2222,1822,Retail,Post-IPO,$310,2022,37.44188,-122.14302
2253,Stash Financial,New York City,USA,North America,40,2022-06-30,8.0,500,460,Finance,Unknown,$480,2022,40.71427,-74.00597
2254,Nate,New York City,USA,North America,30,2022-06-30,20.0,150,120,Retail,Series A,$47,2022,40.71427,-74.00597
2256,Stream,Boulder,USA,North America,20,2022-06-30,12.0,167,147,Product,Series B,$58,2022,40.01499,-105.27055
2258,Abra,San Francisco Bay Area,USA,North America,12,2022-06-30,5.0,240,228,Crypto,Series C,$106,2022,37.70215,-121.93579
2263,Unity,San Francisco Bay Area,USA,North America,200,2022-06-29,4.0,5000,4800,Other,Post-IPO,$1300,2022,37.77493,-122.41942
2264,Niantic,San Francisco Bay Area,USA,North America,85,2022-06-29,8.0,1063,978,Consumer,Series D,$770,2022,37.77493,-122.41942
2266,Qumulo,Seattle,USA,North America,80,2022-06-29,19.0,421,341,Data,Series E,$347,2022,47.60621,-122.33207
2271,Baton,San Francisco Bay Area,USA,North America,16,2022-06-29,25.0,64,48,Transportation,Series A,$13,2022,37.77493,-122.41942
2272,Substack,San Francisco Bay Area,USA,North America,13,2022-06-29,14.0,93,80,Media,Series B,$82,2022,37.77493,-122.41942
2280,StockX,Detroit,USA,North America,120,2022-06-28,8.0,1500,1380,Retail,Series E,$690,2022,42.33143,-83.04575
2281,Sidecar Health,Los Angeles,USA,North America,110,2022-06-28,40.0,275,165,Healthcare,Series C,$163,2022,34.05223,-118.24368
2284,Bright Machines,San Francisco Bay Area,USA,North America,30,2022-06-28,8.0,375,345,Data,Unknown,$250,2022,37.77493,-122.41942
2289,AppLovin,San Francisco Bay Area,USA,North America,300,2022-06-27,12.0,2500,2200,Marketing,Post-IPO,$1600,2022,37.44188,-122.14302
2290,UiPath,New York City,USA,North America,210,2022-06-27,5.0,4200,3990,Data,Post-IPO,$2000,2022,40.71427,-74.00597
2294,SafeGraph,San Francisco Bay Area,USA,North America,27,2022-06-27,25.0,108,81,Data,Series B,$61,2022,37.77493,-122.41942
2298,Sunday,Atlanta,USA,North America,90,2022-06-24,23.0,391,301,Finance,Series A,$124,2022,33.749,-84.38798
2299,Bestow,Dallas,USA,North America,41,2022-06-24,14.0,293,252,Finance,Series C,$137,2022,32.78306,-96.80667
2300,Ethos Life,San Francisco Bay Area,USA,North America,40,2022-06-24,12.0,333,293,Finance,Series D,$406,2022,37.77493,-122.41942
2303,Netflix,San Francisco Bay Area,USA,North America,300,2022-06-23,3.0,10000,9700,Media,Post-IPO,$121900,2022,37.22661,-121.97468
2304,Aura,Boston,USA,North America,70,2022-06-23,9.0,778,708,Security,Series F,$500,2022,42.35843,-71.05977
2305,Pipl,Spokane,USA,North America,22,2022-06-23,13.0,169,147,Security,Unknown,$19,2022,47.65966,-117.42908
2306,Vouch,San Francisco Bay Area,USA,North America,15,2022-06-23,7.0,214,199,Finance,Series C,$159,2022,37.77493,-122.41942
2307,Voyage SMS,Los Angeles,USA,North America,8,2022-06-23,13.0,62,54,Marketing,Unknown,$10,2022,34.05223,-118.24368
2314,MasterClass,San Francisco Bay Area,USA,North America,120,2022-06-22,20.0,600,480,Education,Series E,$461,2022,37.77493,-122.41942
2315,IronNet,Washington DC,USA,North America,90,2022-06-22,35.0,257,167,Security,Post-IPO,$410,2022,38.89511,-77.03637
2317,IronNet,Washington DC,USA,North America,55,2022-06-22,17.0,324,269,Security,Post-IPO,$410,2022,38.89511,-77.03637
2319,Superpedestrian,Boston,USA,North America,35,2022-06-22,7.0,500,465,Transportation,Series C,$261,2022,42.35843,-71.05977
2327,Community,Los Angeles,USA,North America,40,2022-06-21,30.0,133,93,Marketing,Unknown,$40,2022,34.05223,-118.24368
2328,Sourcegraph,San Francisco Bay Area,USA,North America,24,2022-06-21,8.0,300,276,Product,Series D,$248,2022,37.77493,-122.41942
2333,SummerBio,San Francisco Bay Area,USA,North America,101,2022-06-20,100.0,101,0,Healthcare,Unknown,$7,2022,37.45383,-122.18219
2344,Socure,Reno,USA,North America,69,2022-06-17,13.0,531,462,Finance,Series E,$646,2022,39.52963,-119.8138
2345,Finite State,Columbus,USA,North America,16,2022-06-17,20.0,80,64,Security,Series B,$49,2022,39.96118,-82.99879
2346,JOKR,New York City,USA,North America,50,2022-06-16,5.0,1000,950,Food,Series B,$430,2022,40.71427,-74.00597
2347,Zumper,San Francisco Bay Area,USA,North America,45,2022-06-16,15.0,300,255,Real Estate,Series D,$178,2022,37.77493,-122.41942
2352,Weee!,Fremont,USA,North America,150,2022-06-15,10.0,1500,1350,Food,Series E,$863,2022,33.66946,-117.82311
2353,Notarize,Boston,USA,North America,110,2022-06-15,25.0,440,330,Legal,Series D,$213,2022,42.35843,-71.05977
2355,Tonkean,San Francisco Bay Area,USA,North America,23,2022-06-15,23.0,100,77,Other,Series B,$83,2022,37.77493,-122.41942
2361,Coinbase,San Francisco Bay Area,USA,North America,1100,2022-06-14,18.0,6111,5011,Crypto,Post-IPO,$549,2022,37.77493,-122.41942
2362,Redfin,Seattle,USA,North America,470,2022-06-14,8.0,5875,5405,Real Estate,Post-IPO,$319,2022,47.60621,-122.33207
2363,Compass,New York City,USA,North America,450,2022-06-14,10.0,4500,4050,Real Estate,Post-IPO,1600,2022,40.71427,-74.00597
2367,TIFIN,Boulder,USA,North America,24,2022-06-14,10.0,240,216,Crypto,Series D,$204,2022,40.01499,-105.27055
2370,BlockFi,New York City,USA,North America,250,2022-06-13,20.0,1250,1000,Crypto,Series E,$1000,2022,40.71427,-74.00597
2371,Wave Sports and Entertainment,Los Angeles,USA,North America,56,2022-06-13,33.0,170,114,Media,Series B,$65,2022,34.05223,-118.24368
2372,Studio,San Francisco Bay Area,USA,North America,33,2022-06-13,40.0,83,50,Education,Series B,$50,2022,37.77493,-122.41942
2380,Albert,Los Angeles,USA,North America,20,2022-06-10,8.0,250,230,Finance,Series C,$175,2022,34.05223,-118.24368
2384,OneTrust,Atlanta,USA,North America,950,2022-06-09,25.0,3800,2850,Security,Series C,$926,2022,33.749,-84.38798
2385,Stitch Fix,San Francisco Bay Area,USA,North America,330,2022-06-09,15.0,2200,1870,Retail,Post-IPO,$79,2022,37.77493,-122.41942
2387,Convoy,Seattle,USA,North America,90,2022-06-09,7.0,1286,1196,Logistics,Series E,$1100,2022,47.60621,-122.33207
2388,Hologram,Chicago,USA,North America,80,2022-06-09,40.0,200,120,Infrastructure,Series B,$82,2022,41.85003,-87.65005
2390,The Grommet,Boston,USA,North America,40,2022-06-09,100.0,40,0,Retail,Acquired,$5,2022,42.35843,-71.05977
2392,Preply,Boston,USA,North America,26,2022-06-09,5.0,520,494,Education,Series C,$100,2022,42.35843,-71.05977
2396,Sonder,San Francisco Bay Area,USA,North America,250,2022-06-08,21.0,1190,940,Travel,Post-IPO,$839,2022,37.77493,-122.41942
2398,Truepill,San Francisco Bay Area,USA,North America,150,2022-06-08,15.0,1000,850,Healthcare,Series D,$255,2022,37.66882,-122.0808
2405,Bird,Los Angeles,USA,North America,138,2022-06-07,23.0,600,462,Transportation,Post-IPO,$783,2022,34.05223,-118.24368
2412,Dutchie,Bend,USA,North America,50,2022-06-06,7.0,714,664,Other,Series D,$603,2022,44.05817,-121.31531
2418,Superhuman,San Francisco Bay Area,USA,North America,23,2022-06-03,22.0,105,82,Consumer,Series C,$108,2022,37.77493,-122.41942
2419,Food52,New York City,USA,North America,21,2022-06-03,15.0,140,119,Food,Acquired,$176,2022,40.71427,-74.00597
2423,Carbon Health,San Francisco Bay Area,USA,North America,250,2022-06-02,8.0,3125,2875,Healthcare,Series D,$522,2022,37.77493,-122.41942
2425,PolicyGenius,New York City,USA,North America,170,2022-06-02,25.0,680,510,Finance,Series E,$286,2022,40.71427,-74.00597
2428,Gemini,New York City,USA,North America,100,2022-06-02,10.0,1000,900,Crypto,Unknown,$423,2022,40.71427,-74.00597
2429,Stord,Atlanta,USA,North America,59,2022-06-02,8.0,738,679,Logistics,Series D,$325,2022,33.749,-84.38798
2430,Gather,San Francisco Bay Area,USA,North America,30,2022-06-02,33.0,91,61,Consumer,Series B,$76,2022,37.44188,-122.14302
2432,IRL,San Francisco Bay Area,USA,North America,25,2022-06-02,25.0,100,75,Consumer,Series C,$197,2022,37.77493,-122.41942
2437,Cybereason,Boston,USA,North America,100,2022-06-01,6.0,1667,1567,Security,Series F,$750,2022,42.35843,-71.05977
2441,Loom,San Francisco Bay Area,USA,North America,34,2022-06-01,14.0,243,209,Product,Series C,$203,2022,37.77493,-122.41942
2449,Tomo,Stamford,USA,North America,44,2022-05-31,33.0,133,89,Finance,Series A,$110,2022,41.05343,-73.53873
2451,BookClub,Salt Lake City,USA,North America,12,2022-05-31,25.0,48,36,Education,Series A,$26,2022,40.76078,-111.89105
2467,Lacework,San Francisco Bay Area,USA,North America,300,2022-05-25,20.0,1500,1200,Security,Series D,$1900,2022,37.38605,-122.08385
2468,Bolt,San Francisco Bay Area,USA,North America,240,2022-05-25,27.0,889,649,Finance,Series E,$1300,2022,37.77493,-122.41942
2472,Coterie Insurance,Cincinnati,USA,North America,30,2022-05-25,20.0,150,120,Finance,Series B,$70,2022,39.12711,-84.51439
2483,ClickUp,San Diego,USA,North America,60,2022-05-23,7.0,857,797,Other,Series C,$537,2022,32.71571,-117.16472
2484,Airtime,New York City,USA,North America,30,2022-05-23,20.0,150,120,Consumer,Series B,$33,2022,40.71427,-74.00597
2487,Latch,New York City,USA,North America,130,2022-05-20,28.0,464,334,Security,Post-IPO,$342,2022,40.71427,-74.00597
2488,Outside,Boulder,USA,North America,87,2022-05-20,15.0,580,493,Media,Series B,$174,2022,40.01499,-105.27055
2489,Skillz,San Francisco Bay Area,USA,North America,70,2022-05-20,10.0,700,630,Consumer,Post-IPO,$287,2022,37.77493,-122.41942
2492,Netflix,San Francisco Bay Area,USA,North America,150,2022-05-17,1.0,15000,14850,Media,Post-IPO,$121900,2022,37.22661,-121.97468
2494,Picsart,Miami,USA,North America,90,2022-05-17,8.0,1125,1035,Consumer,Series C,$195,2022,25.77427,-80.19366
2504,DataRobot,Boston,USA,North America,70,2022-05-11,7.0,1000,930,Data,Series G,$1000,2022,42.35843,-71.05977
2505,Carvana,Phoenix,USA,North America,2500,2022-05-10,12.0,20833,18333,Transportation,Post-IPO,1600,2022,33.44838,-112.07404
2506,Doma,San Francisco Bay Area,USA,North America,310,2022-05-10,15.0,2067,1757,Finance,Post-IPO,$679,2022,37.77493,-122.41942
2508,Latch,New York City,USA,North America,30,2022-05-10,6.0,500,470,Security,Post-IPO,$342,2022,40.71427,-74.00597
2510,Vroom,New York City,USA,North America,270,2022-05-09,14.0,1929,1659,Transportation,Post-IPO,1300,2022,40.71427,-74.00597
2511,Reef,Miami,USA,North America,750,2022-05-06,5.0,15000,14250,Transportation,Unknown,1500,2022,25.77427,-80.19366
2515,Mural,San Francisco Bay Area,USA,North America,90,2022-05-05,10.0,900,810,Product,Series C,$192,2022,37.77493,-122.41942
2516,On Deck,San Francisco Bay Area,USA,North America,72,2022-05-05,25.0,288,216,Education,Series A,$20,2022,37.77493,-122.41942
2519,Cameo,Chicago,USA,North America,87,2022-05-04,25.0,348,261,Consumer,Unknown,$165,2022,41.85003,-87.65005
2520,Mainstreet,San Francisco Bay Area,USA,North America,45,2022-05-04,30.0,150,105,Finance,Series A,$64,2022,37.77493,-122.41942
2527,Domestika,San Francisco Bay Area,USA,North America,150,2022-04-28,19.0,789,639,Education,Series D,$130,2022,37.87159,-122.27275
2530,Robinhood,San Francisco Bay Area,USA,North America,340,2022-04-26,9.0,3778,3438,Finance,Post-IPO,$5600,2022,37.45383,-122.18219
2537,Blend,San Francisco Bay Area,USA,North America,200,2022-04-19,10.0,2000,1800,Finance,Post-IPO,$665,2022,37.77493,-122.41942
2544,Ahead,San Francisco Bay Area,USA,North America,44,2022-04-14,100.0,44,0,Healthcare,Unknown,$9,2022,37.77493,-122.41942
2546,Rad Power Bikes,Seattle,USA,North America,100,2022-04-12,14.0,714,614,Transportation,Series D,$329,2022,47.60621,-122.33207
2548,Food52,New York City,USA,North America,20,2022-04-08,10.0,200,180,Food,Acquired,$176,2022,40.71427,-74.00597
2558,Gopuff,Philadelphia,USA,North America,450,2022-03-29,3.0,15000,14550,Food,Series H,$3400,2022,39.95238,-75.16362
2565,Knock,New York City,USA,North America,115,2022-03-15,46.0,250,135,Real Estate,Unknown,$654,2022,40.71427,-74.00597
2568,Better.com,New York City,USA,North America,3000,2022-03-08,33.0,9091,6091,Real Estate,Unknown,$905,2022,40.71427,-74.00597
2569,Adaptive Biotechnology,Seattle,USA,North America,100,2022-03-08,12.0,833,733,Healthcare,Post-IPO,$406,2022,47.60621,-122.33207
2570,Hyperscience,New York City,USA,North America,100,2022-03-03,25.0,400,300,Data,Series E,$289,2022,40.71427,-74.00597
2572,Wish,San Francisco Bay Area,USA,North America,190,2022-03-01,15.0,1267,1077,Retail,Post-IPO,$1600,2022,37.77493,-122.41942
2576,Virgin Hyperloop,Los Angeles,USA,North America,111,2022-02-21,50.0,222,111,Transportation,Unknown,$368,2022,34.05223,-118.24368
2579,Homie,Salt Lake City,USA,North America,119,2022-02-14,29.0,410,291,Real Estate,Series B,$35,2022,40.76078,-111.89105
2581,Daily Harvest,New York City,USA,North America,60,2022-02-10,20.0,300,240,Food,Series D,$120,2022,40.71427,-74.00597
2582,Peloton,New York City,USA,North America,2800,2022-02-08,20.0,14000,11200,Fitness,Post-IPO,1900,2022,40.71427,-74.00597
2584,Rhino,New York City,USA,North America,57,2022-02-03,20.0,285,228,Real Estate,Unknown,$133,2022,40.71427,-74.00597
2585,Gopuff,Philadelphia,USA,North America,100,2022-01-26,0.6622516556291391,15100,15000,Food,Series H,$3400,2022,39.95238,-75.16362
2586,Glossier,New York City,USA,North America,80,2022-01-26,33.0,242,162,Consumer,Series E,$266,2022,40.71427,-74.00597
3272,Discord,San Francisco Bay Area,USA,North America,170,2024-11-01,17.0,1000,830,Consumer,Series H,$995,2024,37.77493,-122.41942
3274,Audible,New York City,USA,North America,100,2024-11-01,5.0,2000,1900,Media,Acquired,$14,2024,40.71427,-74.00597
3275,Sisense,New York City,USA,North America,60,2024-11-01,13.0,462,402,Data,Series F,$274,2024,40.71427,-74.00597
3277,Google,San Francisco Bay Area,USA,North America,1000,2024-10-01,0.5319148936170213,188000,187000,Consumer,Post-IPO,$26,2024,37.38605,-122.08385
3279,Instagram,San Francisco Bay Area,USA,North America,60,2024-10-01,13.33333333333333,450,390,Consumer,Acquired,$57,2024,37.45383,-122.18219
3281,Twitch,San Francisco Bay Area,USA,North America,500,2024-09-01,35.0,1429,929,Consumer,Acquired,$35,2024,37.77493,-122.41942
3282,Nevro,San Francisco Bay Area,USA,North America,63,2024-09-01,5.0,1260,1197,Healthcare,Post-IPO,$556,2024,37.48522,-122.23635
3283,Rent the Runway,New York City,USA,North America,37,2024-09-01,10.0,370,333,Retail,Post-IPO,$526,2024,40.71427,-74.00597
3284,Humane,San Francisco Bay Area,USA,North America,10,2024-09-01,4.0,250,240,Hardware,Series C,$230,2024,37.77493,-122.41942
3285,Unity,San Francisco Bay Area,USA,North America,1800,2024-08-01,25.0,7200,5400,Other,Post-IPO,$1300,2024,37.77493,-122.41942
3288,NanoString Technology,Seattle,USA,North America,50,2024-08-01,9.0,556,506,Healthcare,Post-IPO,$826,2024,47.60621,-122.33207
3290,Frontdesk,Milwaukee,USA,North America,200,2024-02-01,100.0,200,0,Travel,Unknown,$26,2024,43.0389,-87.90647
